nome,codigo,disciplina,nota,situacao
Cecilia Nathanael,OCRQ3517,Storytelling Visual,5.32,APROVADO
Cecilia Nathanael,RJGL2456,Design Colaborativo,6.8,APROVADO
Cecilia Nathanael,QBWW6998,Computacao Grafica,8.0,APROVADO POR MÉDIA
Cecilia Nathanael,UFMQ0127,Design para Longevidade,2.63,REPROVADO
Cecilia Nathanael,MKUB0718,Design de Mobiliario,,APROVADO POR FREQÜÊNCIA
Cecilia Nathanael,BKII1063,Design de Visualizacao de Informacoes,5.9,APROVADO
Cecilia Nathanael,RJYZ5864,Identidade Visual,3.25,REPROVADO
Cecilia Nathanael,DOMK5241,Design de Aprendizado,5.0,APROVADO
Cecilia Nathanael,ZULH9584,Projeto Integrado,2.08,REPROVADO
Cecilia Nathanael,WPUV3332,Design de Tecnologia Vestivel (Wearable),7.5,APROVADO POR MÉDIA
Cecilia Nathanael,NRYN3294,Design de Interfaces Neuromorficas,2.0,REPROVADO
Cecilia Nathanael,NRCI1107,Design de Experiencia em Museus,4.0,REPROVADO
Cecilia Nathanael,AAZN5771,Ergonomia,5.75,APROVADO
Cecilia Nathanael,ZULH9584,Projeto Integrado,5.27,APROVADO
Cecilia Nathanael,UFMQ0127,Design para Longevidade,4.5,REPROVADO
Cecilia Nathanael,JGDZ1333,Gamificacao,8.0,APROVADO POR MÉDIA
Cecilia Nathanael,NRYN3294,Design de Interfaces Neuromorficas,7.1,APROVADO
Cecilia Nathanael,NRCI1107,Design de Experiencia em Museus,3.0,REPROVADO
Cecilia Nathanael,BLDG0260,Design de Joias,4.6,REPROVADO
Cecilia Nathanael,RJYZ5864,Identidade Visual,8.0,APROVADO POR MÉDIA
Cecilia Nathanael,UFMQ0127,Design para Longevidade,,REPROVADO POR FALTA
Cecilia Nathanael,TSYB3211,Impressao 3D,2.5,REPROVADO
Cecilia Nathanael,NRCI1107,Design de Experiencia em Museus,7.0,APROVADO POR MÉDIA
Cecilia Nathanael,BLDG0260,Design de Joias,8.05,APROVADO POR MÉDIA
Cecilia Nathanael,FZLO1427,Marketing de Produto,3.25,REPROVADO
Cecilia Nathanael,NGVU3526,Ecodesign,5.05,APROVADO
Cecilia Nathanael,JJNT2088,Manipulacao de Imagem,3.63,REPROVADO
Cecilia Nathanael,TPYC6338,Design Thinking,7.25,APROVADO POR MÉDIA
Cecilia Nathanael,TSYB3211,Impressao 3D,6.25,APROVADO
Cecilia Nathanael,VOQA5582,Tipografia,7.0,APROVADO POR MÉDIA
Cecilia Nathanael,FZLO1427,Marketing de Produto,8.13,APROVADO POR MÉDIA
Cecilia Nathanael,KAWV5083,Branding,7.0,APROVADO POR MÉDIA
Cecilia Nathanael,COOQ5695,Design de Interacao em Tempo Real,2.05,REPROVADO
Cecilia Nathanael,VFBH8799,Design Cibernetico,5.3,APROVADO
Cecilia Nathanael,JVFQ7338,Design de Interacao Cultural,5.13,APROVADO
Cecilia Nathanael,IENT5068,Design Experimental,5.0,APROVADO
Cecilia Nathanael,QVGO0107,Prototipagem em Papel,,REPROVADO POR FALTA
Cecilia Nathanael,UXMU2899,Interacao Tangivel,,APROVADO POR FREQÜÊNCIA
Cecilia Nathanael,LERH6635,Design de Produto,,REPROVADO POR FALTA
Cecilia Nathanael,RRME1020,Design Parametrico,2.85,REPROVADO
Cecilia Nathanael,COOQ5695,Design de Interacao em Tempo Real,4.07,REPROVADO
Cecilia Nathanael,MAEY1044,Design Computacional,4.55,REPROVADO
Cecilia Nathanael,BMDH7993,Design de Apresentacoes,7.0,APROVADO POR MÉDIA
Cecilia Nathanael,UFMQ0127,Design para Longevidade,5.0,APROVADO
Cecilia Nathanael,MXMO8868,Cultura Visual,8.25,APROVADO POR MÉDIA
Cecilia Nathanael,QVGO0107,Prototipagem em Papel,2.75,REPROVADO
Cecilia Nathanael,CÓDIGO,DISCIPLINA,NOTA FINAL,SITUAÇÃO CONCEITO
Cecilia Nathanael,LERH6635,Design de Produto,8.0,APROVADO POR MÉDIA
Cecilia Nathanael,COOQ5695,Design de Interacao em Tempo Real,3.4,REPROVADO
Cecilia Nathanael,MAEY1044,Design Computacional,,REPROVADO POR FALTA
Cecilia Nathanael,UCTK5222,Design de Realidade Aumentada (AR) e Virtual (VR),,REPROVADO POR FALTA
Cecilia Nathanael,DZNQ4989,Design Cenico,6.72,APROVADO
Cecilia Nathanael,XERB6119,Gestao de Marcas,8.25,APROVADO POR MÉDIA
Cecilia Nathanael,AOXV5438,Design de Espacos Virtuais,7.2,APROVADO POR MÉDIA
Cecilia Nathanael,RRME1020,Design Parametrico,,REPROVADO POR FALTA
Cecilia Nathanael,TRQX5862,Etica em Design,5.88,APROVADO
Cecilia Nathanael,COOQ5695,Design de Interacao em Tempo Real,7.25,APROVADO POR MÉDIA
Cecilia Nathanael,HQDD9963,Design Sonoro,7.5,APROVADO POR MÉDIA
Cecilia Nathanael,HILN2052,Design de Impacto Social,6.38,APROVADO
Cecilia Nathanael,UCTK5222,Design de Realidade Aumentada (AR) e Virtual (VR),8.0,APROVADO POR MÉDIA
Cecilia Nathanael,RVMF0745,Design Biomimetico,,REPROVADO POR FALTA
Cecilia Nathanael,RMDE3651,Teoria do Design,,REPROVADO POR FALTA
Cecilia Nathanael,QVGO0107,Prototipagem em Papel,5.0,APROVADO
Cecilia Nathanael,DQUN5124,Comunicacao Visual,10.0,APROVADO POR MÉDIA
Cecilia Nathanael,LSHL3127,Design de Redes Sociais,8.43,APROVADO POR MÉDIA
Cecilia Nathanael,TOZF3011,SemiÃ³tica,6.07,APROVADO
Cecilia Nathanael,MAEY1044,Design Computacional,7.72,APROVADO POR MÉDIA
Cecilia Nathanael,JJNT2088,Manipulacao de Imagem,5.0,APROVADO
Cecilia Nathanael,SATJ7970,Design de Narrativa Espacial,5.2,APROVADO
Cecilia Nathanael,LLKP8902,Design Digital,7.2,APROVADO POR MÉDIA
Cecilia Nathanael,KZBU0327,Design de Interacao Corporal,,REPROVADO POR FALTA
Cecilia Nathanael,VMGY1151,Design de Interacao Tangivel,6.7,APROVADO
Cecilia Nathanael,RRME1020,Design Parametrico,,REPROVADO POR FALTA
Cecilia Nathanael,RVMF0745,Design Biomimetico,,REPROVADO POR FALTA
Cecilia Nathanael,OJNV9272,Fotografia,7.15,APROVADO POR MÉDIA
Cecilia Nathanael,TWIP0018,Teoria da Cor,8.0,APROVADO POR MÉDIA
Cecilia Nathanael,RMDE3651,Teoria do Design,,REPROVADO POR FALTA
Cecilia Nathanael,MDQZ6072,Design de Jogos,6.2,APROVADO
Cecilia Nathanael,KZBU0327,Design de Interacao Corporal,9.0,APROVADO POR MÉDIA
Cecilia Nathanael,RRME1020,Design Parametrico,3.08,REPROVADO
Cecilia Nathanael,XYOT5349,Tecnicas de Iluminacao,,REPROVADO POR FALTA
Cecilia Nathanael,RVMF0745,Design Biomimetico,7.5,APROVADO POR MÉDIA
Cecilia Nathanael,RMDE3651,Teoria do Design,,REPROVADO POR FALTA
Cecilia Nathanael,RRME1020,Design Parametrico,3.3,REPROVADO
Cecilia Nathanael,XYOT5349,Tecnicas de Iluminacao,,REPROVADO POR FALTA
Cecilia Nathanael,RMDE3651,Teoria do Design,,REPROVADO POR FALTA
Cecilia Nathanael,RRME1020,Design Parametrico,6.3,APROVADO
Cecilia Nathanael,XYOT5349,Tecnicas de Iluminacao,,REPROVADO POR FALTA
Cecilia Nathanael,RMDE3651,Teoria do Design,7.0,APROVADO POR MÉDIA
Cecilia Nathanael,XYOT5349,Tecnicas de Iluminacao,,REPROVADO POR FALTA
Cecilia Nathanael,NVRL4030,Materiais e Processos,,REPROVADO POR FALTA
Cecilia Nathanael,CÓDIGO,DISCIPLINA,NOTA FINAL,SITUAÇÃO CONCEITO
Cecilia Nathanael,XYOT5349,Tecnicas de Iluminacao,,REPROVADO POR FALTA
Cecilia Nathanael,XYOT5349,Tecnicas de Iluminacao,,REPROVADO POR FALTA
Cecilia Nathanael,,TRANCAMENTO,,
Cecilia Nathanael,XYOT5349,Tecnicas de Iluminacao,,REPROVADO POR FALTA
Cecilia Nathanael,XYOT5349,Tecnicas de Iluminacao,,REPROVADO POR FALTA
Cecilia Nathanael,XYOT5349,Tecnicas de Iluminacao,,REPROVADO POR FALTA
Cecilia Nathanael,,DESVINCULADO,,
Natalia Pedro,,DESLIGAMENTO,,
Natalia Pedro,,REINTEGRAÇÃO,,
Melissa Vanessa,OCRQ3517,"Storytelling Visual
DOCENTE(S): Maria Santos",9.0,APROVADO POR MÉDIA
Melissa Vanessa,RJGL2456,"Design Colaborativo
DOCENTE(S): Fernanda Lima",10.0,APROVADO POR MÉDIA
Melissa Vanessa,QBWW6998,"Computacao Grafica
DOCENTE(S): Marcos Ferreira",9.0,APROVADO POR MÉDIA
Melissa Vanessa,UFMQ0127,"Design para Longevidade
DOCENTE(S): Marcos Ferreira",6.2,APROVADO
Melissa Vanessa,MKUB0718,"Design de Mobiliario
DOCENTE(S): Fernanda Lima",8.95,APROVADO POR MÉDIA
Melissa Vanessa,BKII1063,"Design de Visualizacao de Informacoes
DOCENTE(S): Andre Almeida",5.0,APROVADO
Melissa Vanessa,RJYZ5864,"Identidade Visual
DOCENTE(S): Joao Silva",8.5,APROVADO POR MÉDIA
Melissa Vanessa,DOMK5241,"Design de Aprendizado
DOCENTE(S): Ana Costa",9.2,APROVADO POR MÉDIA
Melissa Vanessa,ZULH9584,"Projeto Integrado
DOCENTE(S): Fernanda Lima",7.0,APROVADO POR MÉDIA
Melissa Vanessa,WPUV3332,"Design de Tecnologia Vestivel (Wearable)
DOCENTE(S): Andre Almeida",9.6,APROVADO POR MÉDIA
Melissa Vanessa,NRYN3294,"Design de Interfaces Neuromorficas
DOCENTE(S): Marcos Ferreira
DA SILVA (MESTRADO).",7.45,APROVADO POR MÉDIA
Melissa Vanessa,NRCI1107,"Design de Experiencia em Museus
DOCENTE(S): Pedro Oliveira",8.8,APROVADO POR MÉDIA
Melissa Vanessa,AAZN5771,"Ergonomia
DOCENTE(S): Pedro Oliveira",8.25,APROVADO POR MÉDIA
Melissa Vanessa,JJNT2088,"Manipulacao de Imagem
DOCENTE(S): Diego Cardoso",8.0,APROVADO POR MÉDIA
Melissa Vanessa,JGDZ1333,"Gamificacao
DOCENTE(S): Luiz Pereira",10.0,APROVADO POR MÉDIA
Melissa Vanessa,TSYB3211,"Impressao 3D
DOCENTE(S): Marcos Ferreira",8.75,APROVADO POR MÉDIA
Melissa Vanessa,VOQA5582,"Tipografia
DOCENTE(S): Joao Silva",8.1,APROVADO POR MÉDIA
Melissa Vanessa,BLDG0260,"Design de Joias
DOCENTE(S): Gustavo Martins",7.0,APROVADO POR MÉDIA
Melissa Vanessa,FZLO1427,"Marketing de Produto
DOCENTE(S): Carla Souza",9.5,APROVADO POR MÉDIA
Melissa Vanessa,KAWV5083,Branding,8.2,APROVADO POR MÉDIA
Melissa Vanessa,NGVU3526,"Ecodesign
DOCENTE(S): Diego Cardoso",9.25,APROVADO POR MÉDIA
Melissa Vanessa,COOQ5695,Design de Interacao em Tempo Real,8.0,APROVADO POR MÉDIA
Melissa Vanessa,VFBH8799,"Design Cibernetico
DOCENTE(S): Joao Silva",9.7,APROVADO POR MÉDIA
Melissa Vanessa,UCTK5222,"Design de Realidade Aumentada (AR) e Virtual (VR)
DOCENTE(S): Juliana Rodrigues",7.75,APROVADO POR MÉDIA
Melissa Vanessa,JVFQ7338,"Design de Interacao Cultural
DOCENTE(S): Gustavo Martins",8.5,APROVADO POR MÉDIA
Melissa Vanessa,QVGO0107,"Prototipagem em Papel
DOCENTE(S): Juliana Rodrigues",7.0,APROVADO POR MÉDIA
Melissa Vanessa,LERH6635,Design de Produto,7.75,APROVADO POR MÉDIA
Melissa Vanessa,MAEY1044,"Design Computacional
DOCENTE(S): Maria Santos",8.55,APROVADO POR MÉDIA
Melissa Vanessa,SATJ7970,"Design de Narrativa Espacial
DOCENTE(S): Ana Costa",9.25,APROVADO POR MÉDIA
Melissa Vanessa,TPYC6338,"Design Thinking
DOCENTE(S): Joao Silva",10.0,APROVADO POR MÉDIA
Melissa Vanessa,IENT5068,"Design Experimental
DOCENTE(S): Rafaela Gomes",8.38,APROVADO POR MÉDIA
Melissa Vanessa,KZBU0327,"Design de Interacao Corporal
DOCENTE(S): Fernanda Lima",9.57,APROVADO POR MÉDIA
Melissa Vanessa,AOXV5438,Design de Espacos Virtuais,10.0,APROVADO POR MÉDIA
Melissa Vanessa,CÓDIGO,DISCIPLINA,NOTA FINAL,SITUAÇÃO CONCEITO
Melissa Vanessa,,DOCENTE(S): -----------,,
Melissa Vanessa,RRME1020,"Design Parametrico
DOCENTE(S): Juliana Rodrigues",9.01,APROVADO POR MÉDIA
Melissa Vanessa,LLKP8902,Design Digital,,CURSANDO
Melissa Vanessa,DZNQ4989,Design Cenico,,CURSANDO
Melissa Vanessa,MXMO8868,Cultura Visual,,CURSANDO
Melissa Vanessa,XERB6119,Gestao de Marcas,,CURSANDO
Melissa Vanessa,UXMU2899,Interacao Tangivel,,CURSANDO
Melissa Vanessa,TRQX5862,Etica em Design,,CURSANDO
Melissa Vanessa,VNBQ5535,Design de Moda,,CURSANDO
Vanessa Nathanael,OCRQ3517,Storytelling Visual,7.5,APROVADO POR MÉDIA
Vanessa Nathanael,RJGL2456,Design Colaborativo,,REPROVADO POR FALTA
Vanessa Nathanael,QBWW6998,Computacao Grafica,7.5,APROVADO POR MÉDIA
Vanessa Nathanael,UFMQ0127,Design para Longevidade,7.5,APROVADO POR MÉDIA
Vanessa Nathanael,MKUB0718,Design de Mobiliario,,APROVADO POR FREQÜÊNCIA
Vanessa Nathanael,BKII1063,Design de Visualizacao de Informacoes,,REPROVADO POR FALTA
Vanessa Nathanael,RJYZ5864,Identidade Visual,8.75,APROVADO POR MÉDIA
Vanessa Nathanael,RJGL2456,Design Colaborativo,,REPROVADO POR FALTA
Vanessa Nathanael,TPYC6338,Design Thinking,7.0,APROVADO POR MÉDIA
Vanessa Nathanael,BKII1063,Design de Visualizacao de Informacoes,,REPROVADO POR FALTA
Vanessa Nathanael,MXMO8868,Cultura Visual,7.0,APROVADO
Vanessa Nathanael,RJGL2456,Design Colaborativo,3.68,REPROVADO
Vanessa Nathanael,JGDZ1333,Gamificacao,7.5,APROVADO POR MÉDIA
Vanessa Nathanael,BKII1063,Design de Visualizacao de Informacoes,2.5,REPROVADO
Vanessa Nathanael,BLDG0260,Design de Joias,,REPROVADO POR FALTA
Vanessa Nathanael,,DESVINCULADO,,
Caroline Guilherme,OCRQ3517,Storytelling Visual,7.85,APROVADO POR MÉDIA
Caroline Guilherme,RJGL2456,Design Colaborativo,4.57,REPROVADO
Caroline Guilherme,QBWW6998,Computacao Grafica,9.0,APROVADO POR MÉDIA
Caroline Guilherme,UFMQ0127,Design para Longevidade,7.0,APROVADO POR MÉDIA
Caroline Guilherme,MKUB0718,Design de Mobiliario,,APROVADO POR FREQÜÊNCIA
Caroline Guilherme,BKII1063,Design de Visualizacao de Informacoes,8.5,APROVADO POR MÉDIA
Caroline Guilherme,RJYZ5864,Identidade Visual,9.5,APROVADO POR MÉDIA
Caroline Guilherme,RJGL2456,Design Colaborativo,6.95,APROVADO
Caroline Guilherme,JGDZ1333,Gamificacao,8.75,APROVADO POR MÉDIA
Caroline Guilherme,NRYN3294,Design de Interfaces Neuromorficas,8.75,APROVADO POR MÉDIA
Caroline Guilherme,NRCI1107,Design de Experiencia em Museus,7.8,APROVADO POR MÉDIA
Caroline Guilherme,MXMO8868,Cultura Visual,7.75,APROVADO POR MÉDIA
Caroline Guilherme,BLDG0260,Design de Joias,8.35,APROVADO POR MÉDIA
Caroline Guilherme,AAZN5771,Ergonomia,7.75,APROVADO POR MÉDIA
Caroline Guilherme,DOMK5241,Design de Aprendizado,7.0,APROVADO POR MÉDIA
Caroline Guilherme,JJNT2088,Manipulacao de Imagem,7.2,APROVADO POR MÉDIA
Caroline Guilherme,ZULH9584,Projeto Integrado,5.0,APROVADO
Caroline Guilherme,WPUV3332,Design de Tecnologia Vestivel (Wearable),8.4,APROVADO POR MÉDIA
Caroline Guilherme,TPYC6338,Design Thinking,8.1,APROVADO POR MÉDIA
Caroline Guilherme,TSYB3211,Impressao 3D,9.35,APROVADO POR MÉDIA
Caroline Guilherme,KAWV5083,Branding,7.5,APROVADO POR MÉDIA
Caroline Guilherme,NGVU3526,Ecodesign,9.25,APROVADO POR MÉDIA
Caroline Guilherme,COOQ5695,Design de Interacao em Tempo Real,8.05,APROVADO POR MÉDIA
Caroline Guilherme,UCTK5222,Design de Realidade Aumentada (AR) e Virtual (VR),8.0,APROVADO POR MÉDIA
Caroline Guilherme,JVFQ7338,Design de Interacao Cultural,5.13,APROVADO
Caroline Guilherme,VOQA5582,Tipografia,4.15,REPROVADO
Caroline Guilherme,QVGO0107,Prototipagem em Papel,4.8,REPROVADO
Caroline Guilherme,FZLO1427,Marketing de Produto,7.0,APROVADO POR MÉDIA
Caroline Guilherme,LERH6635,Design de Produto,7.0,APROVADO POR MÉDIA
Caroline Guilherme,VFBH8799,Design Cibernetico,7.63,APROVADO POR MÉDIA
Caroline Guilherme,HQDD9963,Design Sonoro,10.0,APROVADO POR MÉDIA
Caroline Guilherme,DZNQ4989,Design Cenico,5.0,APROVADO
Caroline Guilherme,VOQA5582,Tipografia,7.35,APROVADO POR MÉDIA
Caroline Guilherme,QVGO0107,Prototipagem em Papel,7.5,APROVADO POR MÉDIA
Caroline Guilherme,UXMU2899,Interacao Tangivel,9.0,APROVADO POR MÉDIA
Caroline Guilherme,AOXV5438,Design de Espacos Virtuais,6.45,APROVADO
Caroline Guilherme,RRME1020,Design Parametrico,10.0,APROVADO POR MÉDIA
Caroline Guilherme,MAEY1044,Design Computacional,9.3,APROVADO POR MÉDIA
Caroline Guilherme,BMDH7993,Design de Apresentacoes,7.75,APROVADO POR MÉDIA
Caroline Guilherme,SATJ7970,Design de Narrativa Espacial,9.0,APROVADO POR MÉDIA
Caroline Guilherme,LLKP8902,Design Digital,9.9,APROVADO POR MÉDIA
Caroline Guilherme,IENT5068,Design Experimental,7.25,APROVADO POR MÉDIA
Caroline Guilherme,KZBU0327,Design de Interacao Corporal,5.5,APROVADO
Caroline Guilherme,XERB6119,Gestao de Marcas,7.5,APROVADO
Caroline Guilherme,TRQX5862,Etica em Design,9.0,APROVADO POR MÉDIA
Caroline Guilherme,TOZF3011,SemiÃ³tica,1.75,REPROVADO
Caroline Guilherme,CÓDIGO,DISCIPLINA,NOTA FINAL,SITUAÇÃO CONCEITO
Caroline Guilherme,RVMF0745,Design Biomimetico,,REPROVADO POR FALTA
Caroline Guilherme,TWIP0018,Teoria da Cor,9.0,APROVADO POR MÉDIA
Caroline Guilherme,RMDE3651,Teoria do Design,8.0,APROVADO POR MÉDIA
Caroline Guilherme,DQUN5124,Comunicacao Visual,8.5,APROVADO POR MÉDIA
Caroline Guilherme,VMGY1151,Design de Interacao Tangivel,8.0,APROVADO POR MÉDIA
Caroline Guilherme,LSHL3127,Design de Redes Sociais,7.6,APROVADO POR MÉDIA
Caroline Guilherme,PBCQ5148,Design de Impressao e Publicacao,7.5,APROVADO POR MÉDIA
Caroline Guilherme,VNBQ5535,Design de Moda,8.5,APROVADO POR MÉDIA
Caroline Guilherme,TOZF3011,SemiÃ³tica,7.0,APROVADO POR MÉDIA
Caroline Guilherme,HILN2052,Design de Impacto Social,7.0,APROVADO POR MÉDIA
Caroline Guilherme,RVMF0745,Design Biomimetico,8.0,APROVADO POR MÉDIA
Caroline Guilherme,XYOT5349,Tecnicas de Iluminacao,,REPROVADO POR FALTA
Caroline Guilherme,XYOT5349,Tecnicas de Iluminacao,,REPROVADO POR FALTA
Caroline Guilherme,XYOT5349,Tecnicas de Iluminacao,,REPROVADO POR FALTA
Caroline Guilherme,XYOT5349,Tecnicas de Iluminacao,,REPROVADO POR FALTA
Caroline Guilherme,XYOT5349,Tecnicas de Iluminacao,8.0,APROVADO POR MÉDIA
Caroline Guilherme,,INTEGRALIZADO,,
Caroline Guilherme,,FORMADO,,
Arthur Caua,OCRQ3517,Storytelling Visual,8.75,APROVADO POR MÉDIA
Arthur Caua,RJGL2456,Design Colaborativo,2.5,REPROVADO
Arthur Caua,QBWW6998,Computacao Grafica,9.0,APROVADO POR MÉDIA
Arthur Caua,UFMQ0127,Design para Longevidade,5.5,APROVADO
Arthur Caua,MKUB0718,Design de Mobiliario,9.0,APROVADO POR MÉDIA
Arthur Caua,BKII1063,Design de Visualizacao de Informacoes,7.0,APROVADO POR MÉDIA
Arthur Caua,RJYZ5864,Identidade Visual,7.5,APROVADO POR MÉDIA
Arthur Caua,RJGL2456,Design Colaborativo,0.75,REPROVADO
Arthur Caua,UCTK5222,Design de Realidade Aumentada (AR) e Virtual (VR),,REPROVADO POR FALTA
Arthur Caua,NRYN3294,Design de Interfaces Neuromorficas,,REPROVADO POR FALTA
Arthur Caua,NRCI1107,Design de Experiencia em Museus,7.0,APROVADO POR MÉDIA
Arthur Caua,JGDZ1333,Gamificacao,5.63,APROVADO
Arthur Caua,BLDG0260,Design de Joias,,CANCELADO COM ONUS
Arthur Caua,AAZN5771,Ergonomia,,CANCELADO COM ONUS
Arthur Caua,,TRANCAMENTO,,
Arthur Caua,,DESVINCULADO,,
Arthur Caua,,REINTEGRAÇÃO,,
Arthur Caua,RJGL2456,Design Colaborativo,,REPROVADO POR FALTA
Arthur Caua,NRYN3294,Design de Interfaces Neuromorficas,,REPROVADO POR FALTA
Arthur Caua,BLDG0260,Design de Joias,,REPROVADO POR FALTA
Arthur Caua,KAWV5083,Branding,,REPROVADO POR FALTA
Arthur Caua,,DESVINCULADO,,
Caroline Mariana,OCRQ3517,"Storytelling Visual
DOCENTE(S): Maria Santos",8.5,APROVADO POR MÉDIA
Caroline Mariana,RJGL2456,"Design Colaborativo
DOCENTE(S): Fernanda Lima",1.0,REPROVADO
Caroline Mariana,QBWW6998,"Computacao Grafica
DOCENTE(S): Marcos Ferreira",8.0,APROVADO POR MÉDIA
Caroline Mariana,UFMQ0127,"Design para Longevidade
DOCENTE(S): Marcos Ferreira",1.73,REPROVADO
Caroline Mariana,MKUB0718,"Design de Mobiliario
DOCENTE(S): Fernanda Lima",9.3,APROVADO POR MÉDIA
Caroline Mariana,BKII1063,"Design de Visualizacao de Informacoes
DOCENTE(S): Andre Almeida",2.25,REPROVADO
Caroline Mariana,RJYZ5864,"Identidade Visual
DOCENTE(S): Joao Silva",8.0,APROVADO POR MÉDIA
Caroline Mariana,TOZF3011,"SemiÃ³tica
DOCENTE(S): Luiz Pereira",7.0,APROVADO POR MÉDIA
Caroline Mariana,MXMO8868,"Cultura Visual
DOCENTE(S): Patricia Nunes",9.0,APROVADO POR MÉDIA
Caroline Mariana,RMDE3651,"Teoria do Design
DOCENTE(S): Marcos Ferreira",7.25,APROVADO POR MÉDIA
Caroline Mariana,AAZN5771,"Ergonomia
DOCENTE(S): Pedro Oliveira",8.5,APROVADO POR MÉDIA
Caroline Mariana,UXMU2899,"Interacao Tangivel
DOCENTE(S): Gustavo Martins",,REPROVADO POR FALTA
Caroline Mariana,VMGY1151,"Design de Interacao Tangivel
DOCENTE(S): Rafaela Gomes",,REPROVADO POR FALTA
Caroline Mariana,RJGL2456,"Design Colaborativo
DOCENTE(S): Fernanda Lima",,REPROVADO POR FALTA
Caroline Mariana,BKII1063,"Design de Visualizacao de Informacoes
DOCENTE(S): Andre Almeida",3.38,REPROVADO
Caroline Mariana,KAWV5083,"Branding
DOCENTE(S): Rafaela Gomes",7.25,APROVADO POR MÉDIA
Caroline Mariana,BKII1063,"Design de Visualizacao de Informacoes
DOCENTE(S): Andre Almeida",,REPROVADO POR FALTA
Caroline Mariana,UXMU2899,"Interacao Tangivel
DOCENTE(S): Gustavo Martins",,REPROVADO POR FALTA
Caroline Mariana,LERH6635,"Design de Produto
DOCENTE(S): Carla Souza",,REPROVADO POR FALTA
Caroline Mariana,,DESLIGAMENTO,,
Hugo Nicolas,BKII1063,"Design de Visualizacao de Informacoes
DOCENTE(S): Andre Almeida",,REPROVADO POR FALTA
Hugo Nicolas,MXMO8868,"Cultura Visual
DOCENTE(S): Patricia Nunes",,REPROVADO POR FALTA
Hugo Nicolas,AAZN5771,"Ergonomia
DOCENTE(S): Pedro Oliveira",,REPROVADO POR FALTA
Hugo Nicolas,UXMU2899,"Interacao Tangivel
DOCENTE(S): Gustavo Martins",,REPROVADO POR FALTA
Hugo Nicolas,,DESLIGAMENTO,,
Elisa Valentina,,DESLIGAMENTO,,
Alana Daniel,OCRQ3517,Storytelling Visual,,DISPENSADO
Alana Daniel,RJGL2456,Design Colaborativo,,REPROVADO POR FALTA
Alana Daniel,QBWW6998,Computacao Grafica,,REPROVADO POR FALTA
Alana Daniel,UFMQ0127,Design para Longevidade,8.5,APROVADO POR MÉDIA
Alana Daniel,MKUB0718,Design de Mobiliario,,APROVADO POR FREQÜÊNCIA
Alana Daniel,BKII1063,Design de Visualizacao de Informacoes,7.0,APROVADO POR MÉDIA
Alana Daniel,RJYZ5864,Identidade Visual,,REPROVADO POR FALTA
Alana Daniel,NRYN3294,Design de Interfaces Neuromorficas,,REPROVADO POR FALTA
Alana Daniel,NRCI1107,Design de Experiencia em Museus,,REPROVADO POR FALTA
Alana Daniel,AAZN5771,Ergonomia,,REPROVADO POR FALTA
Alana Daniel,,DESLIGAMENTO,,
Luciana Felipe,OCRQ3517,Storytelling Visual,,REPROVADO POR FALTA
Luciana Felipe,RJGL2456,Design Colaborativo,,REPROVADO POR FALTA
Luciana Felipe,QBWW6998,Computacao Grafica,,REPROVADO POR FALTA
Luciana Felipe,UFMQ0127,Design para Longevidade,,REPROVADO POR FALTA
Luciana Felipe,MKUB0718,Design de Mobiliario,,REPROVADO POR FALTA
Luciana Felipe,BKII1063,Design de Visualizacao de Informacoes,,REPROVADO POR FALTA
Luciana Felipe,RJYZ5864,Identidade Visual,,REPROVADO POR FALTA
Luciana Felipe,,DESVINCULADO,,
Luciana Felipe,,REINTEGRAÇÃO,,
Luciana Felipe,OCRQ3517,Storytelling Visual,6.25,APROVADO
Luciana Felipe,RJGL2456,Design Colaborativo,,REPROVADO POR FALTA
Luciana Felipe,QBWW6998,Computacao Grafica,8.25,APROVADO POR MÉDIA
Luciana Felipe,UFMQ0127,Design para Longevidade,4.0,REPROVADO
Luciana Felipe,MKUB0718,Design de Mobiliario,,APROVADO POR FREQÜÊNCIA
Luciana Felipe,BKII1063,Design de Visualizacao de Informacoes,,REPROVADO POR FALTA
Luciana Felipe,RJYZ5864,Identidade Visual,9.0,APROVADO POR MÉDIA
Luciana Felipe,RJGL2456,Design Colaborativo,3.08,REPROVADO
Luciana Felipe,UFMQ0127,Design para Longevidade,,REPROVADO POR FALTA
Luciana Felipe,TPYC6338,Design Thinking,6.5,APROVADO
Luciana Felipe,BKII1063,Design de Visualizacao de Informacoes,1.88,REPROVADO
Luciana Felipe,MXMO8868,Cultura Visual,9.5,APROVADO POR MÉDIA
Luciana Felipe,BLDG0260,Design de Joias,7.55,APROVADO POR MÉDIA
Luciana Felipe,AAZN5771,Ergonomia,7.5,APROVADO POR MÉDIA
Luciana Felipe,COOQ5695,Design de Interacao em Tempo Real,7.1,APROVADO POR MÉDIA
Luciana Felipe,BMDH7993,Design de Apresentacoes,7.0,APROVADO POR MÉDIA
Luciana Felipe,JGDZ1333,Gamificacao,8.75,APROVADO POR MÉDIA
Luciana Felipe,BKII1063,Design de Visualizacao de Informacoes,,REPROVADO POR FALTA
Luciana Felipe,KAWV5083,Branding,6.7,APROVADO
Luciana Felipe,LERH6635,Design de Produto,,REPROVADO POR FALTA
Luciana Felipe,,DESVINCULADO,,
Gabriel Bruno,OCRQ3517,Storytelling Visual,9.15,APROVADO POR MÉDIA
Gabriel Bruno,RJGL2456,Design Colaborativo,8.15,APROVADO POR MÉDIA
Gabriel Bruno,QBWW6998,Computacao Grafica,8.0,APROVADO POR MÉDIA
Gabriel Bruno,UFMQ0127,Design para Longevidade,6.0,APROVADO
Gabriel Bruno,MKUB0718,Design de Mobiliario,,APROVADO POR FREQÜÊNCIA
Gabriel Bruno,BKII1063,Design de Visualizacao de Informacoes,7.1,APROVADO POR MÉDIA
Gabriel Bruno,RJYZ5864,Identidade Visual,7.25,APROVADO POR MÉDIA
Gabriel Bruno,DOMK5241,Design de Aprendizado,8.0,APROVADO POR MÉDIA
Gabriel Bruno,ZULH9584,Projeto Integrado,8.8,APROVADO POR MÉDIA
Gabriel Bruno,WPUV3332,Design de Tecnologia Vestivel (Wearable),8.5,APROVADO POR MÉDIA
Gabriel Bruno,NRYN3294,Design de Interfaces Neuromorficas,7.88,APROVADO
Gabriel Bruno,NRCI1107,Design de Experiencia em Museus,8.0,APROVADO POR MÉDIA
Gabriel Bruno,AAZN5771,Ergonomia,7.3,APROVADO POR MÉDIA
Gabriel Bruno,JJNT2088,Manipulacao de Imagem,7.5,APROVADO POR MÉDIA
Gabriel Bruno,JGDZ1333,Gamificacao,8.75,APROVADO POR MÉDIA
Gabriel Bruno,TSYB3211,Impressao 3D,8.0,APROVADO POR MÉDIA
Gabriel Bruno,VOQA5582,Tipografia,7.85,APROVADO POR MÉDIA
Gabriel Bruno,BLDG0260,Design de Joias,9.85,APROVADO POR MÉDIA
Gabriel Bruno,FZLO1427,Marketing de Produto,7.5,APROVADO POR MÉDIA
Gabriel Bruno,KAWV5083,Branding,9.0,APROVADO POR MÉDIA
Gabriel Bruno,NGVU3526,Ecodesign,9.0,APROVADO POR MÉDIA
Gabriel Bruno,COOQ5695,Design de Interacao em Tempo Real,8.45,APROVADO POR MÉDIA
Gabriel Bruno,VFBH8799,Design Cibernetico,7.0,APROVADO POR MÉDIA
Gabriel Bruno,UCTK5222,Design de Realidade Aumentada (AR) e Virtual (VR),6.47,APROVADO
Gabriel Bruno,JVFQ7338,Design de Interacao Cultural,9.5,APROVADO POR MÉDIA
Gabriel Bruno,QVGO0107,Prototipagem em Papel,9.0,APROVADO POR MÉDIA
Gabriel Bruno,LERH6635,Design de Produto,9.25,APROVADO POR MÉDIA
Gabriel Bruno,MAEY1044,Design Computacional,8.5,APROVADO POR MÉDIA
Gabriel Bruno,SATJ7970,Design de Narrativa Espacial,7.5,APROVADO POR MÉDIA
Gabriel Bruno,TPYC6338,Design Thinking,7.0,APROVADO POR MÉDIA
Gabriel Bruno,IENT5068,Design Experimental,7.25,APROVADO POR MÉDIA
Gabriel Bruno,KZBU0327,Design de Interacao Corporal,7.0,APROVADO POR MÉDIA
Gabriel Bruno,RRME1020,Design Parametrico,8.25,APROVADO POR MÉDIA
Gabriel Bruno,LLKP8902,Design Digital,8.0,APROVADO
Gabriel Bruno,DZNQ4989,Design Cenico,7.25,APROVADO POR MÉDIA
Gabriel Bruno,MXMO8868,Cultura Visual,8.75,APROVADO POR MÉDIA
Gabriel Bruno,XERB6119,Gestao de Marcas,7.7,APROVADO POR MÉDIA
Gabriel Bruno,UXMU2899,Interacao Tangivel,,APROVADO POR FREQÜÊNCIA
Gabriel Bruno,AOXV5438,Design de Espacos Virtuais,7.0,APROVADO POR MÉDIA
Gabriel Bruno,TRQX5862,Etica em Design,7.75,APROVADO POR MÉDIA
Gabriel Bruno,VNBQ5535,Design de Moda,,CANCELADO COM ONUS
Gabriel Bruno,BMDH7993,Design de Apresentacoes,7.25,APROVADO POR MÉDIA
Gabriel Bruno,RVMF0745,Design Biomimetico,10.0,APROVADO POR MÉDIA
Gabriel Bruno,TWIP0018,Teoria da Cor,6.75,APROVADO
Gabriel Bruno,RMDE3651,Teoria do Design,8.75,APROVADO POR MÉDIA
Gabriel Bruno,WWGS2880,Design de Realidade Hibrida,7.0,APROVADO POR MÉDIA
Gabriel Bruno,CÓDIGO,DISCIPLINA,NOTA FINAL,SITUAÇÃO CONCEITO
Gabriel Bruno,DQUN5124,Comunicacao Visual,9.5,APROVADO POR MÉDIA
Gabriel Bruno,VMGY1151,Design de Interacao Tangivel,8.5,APROVADO POR MÉDIA
Gabriel Bruno,LSHL3127,Design de Redes Sociais,9.2,APROVADO POR MÉDIA
Gabriel Bruno,TOZF3011,SemiÃ³tica,9.0,APROVADO POR MÉDIA
Gabriel Bruno,NVRL4030,Materiais e Processos,8.0,APROVADO POR MÉDIA
Gabriel Bruno,PBCQ5148,Design de Impressao e Publicacao,9.65,APROVADO POR MÉDIA
Gabriel Bruno,VNBQ5535,Design de Moda,8.8,APROVADO POR MÉDIA
Gabriel Bruno,XYOT5349,Tecnicas de Iluminacao,10.0,APROVADO POR MÉDIA
Gabriel Bruno,,INTEGRALIZADO,,
Gabriel Bruno,,FORMADO,,
Sofia Alice,OCRQ3517,Storytelling Visual,8.0,APROVADO POR MÉDIA
Sofia Alice,RJGL2456,Design Colaborativo,2.25,REPROVADO
Sofia Alice,QBWW6998,Computacao Grafica,9.75,APROVADO POR MÉDIA
Sofia Alice,UFMQ0127,Design para Longevidade,8.5,APROVADO POR MÉDIA
Sofia Alice,MKUB0718,Design de Mobiliario,,APROVADO POR FREQÜÊNCIA
Sofia Alice,BKII1063,Design de Visualizacao de Informacoes,,REPROVADO POR FALTA
Sofia Alice,RJYZ5864,Identidade Visual,9.65,APROVADO POR MÉDIA
Sofia Alice,,DESLIGAMENTO,,
Felipe Eduardo,OCRQ3517,Storytelling Visual,,REPROVADO POR FALTA
Felipe Eduardo,RJGL2456,Design Colaborativo,,REPROVADO POR FALTA
Felipe Eduardo,QBWW6998,Computacao Grafica,,REPROVADO POR FALTA
Felipe Eduardo,UFMQ0127,Design para Longevidade,,REPROVADO POR FALTA
Felipe Eduardo,MKUB0718,Design de Mobiliario,,REPROVADO POR FALTA
Felipe Eduardo,BKII1063,Design de Visualizacao de Informacoes,,REPROVADO POR FALTA
Felipe Eduardo,RJYZ5864,Identidade Visual,,REPROVADO POR FALTA
Felipe Eduardo,,DESVINCULADO,,
Laura Emilly,OCRQ3517,Storytelling Visual,7.5,APROVADO POR MÉDIA
Laura Emilly,RJGL2456,Design Colaborativo,8.4,APROVADO POR MÉDIA
Laura Emilly,QBWW6998,Computacao Grafica,8.3,APROVADO POR MÉDIA
Laura Emilly,UFMQ0127,Design para Longevidade,9.0,APROVADO POR MÉDIA
Laura Emilly,MKUB0718,Design de Mobiliario,9.4,APROVADO POR MÉDIA
Laura Emilly,BKII1063,Design de Visualizacao de Informacoes,9.25,APROVADO POR MÉDIA
Laura Emilly,RJYZ5864,Identidade Visual,,APROVADO POR FREQÜÊNCIA
Laura Emilly,DOMK5241,Design de Aprendizado,7.5,APROVADO POR MÉDIA
Laura Emilly,ZULH9584,Projeto Integrado,8.75,APROVADO POR MÉDIA
Laura Emilly,WPUV3332,Design de Tecnologia Vestivel (Wearable),9.5,APROVADO POR MÉDIA
Laura Emilly,NRYN3294,Design de Interfaces Neuromorficas,8.2,APROVADO POR MÉDIA
Laura Emilly,NRCI1107,Design de Experiencia em Museus,8.6,APROVADO POR MÉDIA
Laura Emilly,AAZN5771,Ergonomia,9.75,APROVADO POR MÉDIA
Laura Emilly,JJNT2088,Manipulacao de Imagem,9.0,APROVADO POR MÉDIA
Laura Emilly,JGDZ1333,Gamificacao,9.35,APROVADO POR MÉDIA
Laura Emilly,TSYB3211,Impressao 3D,9.25,APROVADO POR MÉDIA
Laura Emilly,VOQA5582,Tipografia,7.45,APROVADO POR MÉDIA
Laura Emilly,BLDG0260,Design de Joias,10.0,APROVADO POR MÉDIA
Laura Emilly,FZLO1427,Marketing de Produto,9.5,APROVADO POR MÉDIA
Laura Emilly,KAWV5083,Branding,9.25,APROVADO POR MÉDIA
Laura Emilly,NGVU3526,Ecodesign,8.85,APROVADO POR MÉDIA
Laura Emilly,COOQ5695,Design de Interacao em Tempo Real,8.1,APROVADO POR MÉDIA
Laura Emilly,VFBH8799,Design Cibernetico,8.5,APROVADO POR MÉDIA
Laura Emilly,UCTK5222,Design de Realidade Aumentada (AR) e Virtual (VR),7.7,APROVADO POR MÉDIA
Laura Emilly,JVFQ7338,Design de Interacao Cultural,9.75,APROVADO POR MÉDIA
Laura Emilly,TPYC6338,Design Thinking,8.75,APROVADO POR MÉDIA
Laura Emilly,QVGO0107,Prototipagem em Papel,8.9,APROVADO POR MÉDIA
Laura Emilly,LERH6635,Design de Produto,8.75,APROVADO POR MÉDIA
Laura Emilly,MAEY1044,Design Computacional,9.5,APROVADO POR MÉDIA
Laura Emilly,SATJ7970,Design de Narrativa Espacial,8.4,APROVADO POR MÉDIA
Laura Emilly,IENT5068,Design Experimental,7.0,APROVADO POR MÉDIA
Laura Emilly,KZBU0327,Design de Interacao Corporal,9.0,APROVADO POR MÉDIA
Laura Emilly,AOXV5438,Design de Espacos Virtuais,8.35,APROVADO POR MÉDIA
Laura Emilly,RRME1020,Design Parametrico,8.7,APROVADO POR MÉDIA
Laura Emilly,RVMF0745,Design Biomimetico,8.0,APROVADO POR MÉDIA
Laura Emilly,LLKP8902,Design Digital,7.5,APROVADO POR MÉDIA
Laura Emilly,DZNQ4989,Design Cenico,7.75,APROVADO POR MÉDIA
Laura Emilly,MXMO8868,Cultura Visual,10.0,APROVADO POR MÉDIA
Laura Emilly,XERB6119,Gestao de Marcas,9.25,APROVADO POR MÉDIA
Laura Emilly,UXMU2899,Interacao Tangivel,,APROVADO POR FREQÜÊNCIA
Laura Emilly,TRQX5862,Etica em Design,8.25,APROVADO POR MÉDIA
Laura Emilly,BMDH7993,Design de Apresentacoes,7.5,APROVADO POR MÉDIA
Laura Emilly,TWIP0018,Teoria da Cor,8.75,APROVADO POR MÉDIA
Laura Emilly,RMDE3651,Teoria do Design,8.25,APROVADO POR MÉDIA
Laura Emilly,DQUN5124,Comunicacao Visual,9.5,APROVADO POR MÉDIA
Laura Emilly,NVRL4030,Materiais e Processos,9.0,APROVADO POR MÉDIA
Laura Emilly,CÓDIGO,DISCIPLINA,NOTA FINAL,SITUAÇÃO CONCEITO
Laura Emilly,LSHL3127,Design de Redes Sociais,9.48,APROVADO POR MÉDIA
Laura Emilly,TOZF3011,SemiÃ³tica,9.0,APROVADO POR MÉDIA
Laura Emilly,HQDD9963,Design Sonoro,7.75,APROVADO POR MÉDIA
Laura Emilly,HILN2052,Design de Impacto Social,6.5,APROVADO
Laura Emilly,PPDN7220,Modelagem 3D,8.6,APROVADO POR MÉDIA
Laura Emilly,VMGY1151,Design de Interacao Tangivel,9.45,APROVADO POR MÉDIA
Laura Emilly,XYOT5349,Tecnicas de Iluminacao,10.0,APROVADO POR MÉDIA
Laura Emilly,,INTEGRALIZADO,,
Laura Emilly,,FORMADO,,
Lorena Rodrigo,OCRQ3517,"Storytelling Visual
DOCENTE(S): Maria Santos",7.25,APROVADO POR MÉDIA
Lorena Rodrigo,RJGL2456,"Design Colaborativo
DOCENTE(S): Fernanda Lima",2.0,REPROVADO
Lorena Rodrigo,QBWW6998,"Computacao Grafica
DOCENTE(S): Marcos Ferreira",7.5,APROVADO POR MÉDIA
Lorena Rodrigo,UFMQ0127,"Design para Longevidade
DOCENTE(S): Marcos Ferreira",2.76,REPROVADO
Lorena Rodrigo,MKUB0718,"Design de Mobiliario
DOCENTE(S): Fernanda Lima",9.2,APROVADO POR MÉDIA
Lorena Rodrigo,BKII1063,"Design de Visualizacao de Informacoes
DOCENTE(S): Andre Almeida",1.76,REPROVADO
Lorena Rodrigo,RJYZ5864,"Identidade Visual
DOCENTE(S): Joao Silva",7.4,APROVADO POR MÉDIA
Lorena Rodrigo,MXMO8868,"Cultura Visual
DOCENTE(S): Patricia Nunes",,REPROVADO POR FALTA
Lorena Rodrigo,RMDE3651,"Teoria do Design
DOCENTE(S): Marcos Ferreira",,REPROVADO POR FALTA
Lorena Rodrigo,AAZN5771,"Ergonomia
DOCENTE(S): Pedro Oliveira",,REPROVADO POR FALTA
Lorena Rodrigo,UXMU2899,"Interacao Tangivel
DOCENTE(S): Gustavo Martins",,REPROVADO POR FALTA
Lorena Rodrigo,,DESVINCULADO,,
Matheus Mauricio,OCRQ3517,Storytelling Visual,7.7,APROVADO POR MÉDIA
Matheus Mauricio,RJGL2456,Design Colaborativo,7.15,APROVADO POR MÉDIA
Matheus Mauricio,QBWW6998,Computacao Grafica,10.0,APROVADO POR MÉDIA
Matheus Mauricio,UFMQ0127,Design para Longevidade,7.0,APROVADO
Matheus Mauricio,MKUB0718,Design de Mobiliario,9.0,APROVADO POR MÉDIA
Matheus Mauricio,BKII1063,Design de Visualizacao de Informacoes,7.0,APROVADO POR MÉDIA
Matheus Mauricio,RJYZ5864,Identidade Visual,,APROVADO POR FREQÜÊNCIA
Matheus Mauricio,DOMK5241,Design de Aprendizado,7.25,APROVADO POR MÉDIA
Matheus Mauricio,ZULH9584,Projeto Integrado,7.3,APROVADO POR MÉDIA
Matheus Mauricio,WPUV3332,Design de Tecnologia Vestivel (Wearable),7.6,APROVADO POR MÉDIA
Matheus Mauricio,NRYN3294,Design de Interfaces Neuromorficas,3.25,REPROVADO
Matheus Mauricio,NRCI1107,Design de Experiencia em Museus,9.25,APROVADO POR MÉDIA
Matheus Mauricio,AAZN5771,Ergonomia,5.38,APROVADO
Matheus Mauricio,JGDZ1333,Gamificacao,8.5,APROVADO POR MÉDIA
Matheus Mauricio,NRYN3294,Design de Interfaces Neuromorficas,1.0,REPROVADO
Matheus Mauricio,BLDG0260,Design de Joias,3.63,REPROVADO
Matheus Mauricio,FZLO1427,Marketing de Produto,7.0,APROVADO POR MÉDIA
Matheus Mauricio,KAWV5083,Branding,7.25,APROVADO POR MÉDIA
Matheus Mauricio,NGVU3526,Ecodesign,8.5,APROVADO POR MÉDIA
Matheus Mauricio,NRYN3294,Design de Interfaces Neuromorficas,8.15,APROVADO POR MÉDIA
Matheus Mauricio,VOQA5582,Tipografia,5.93,APROVADO
Matheus Mauricio,BLDG0260,Design de Joias,9.6,APROVADO POR MÉDIA
Matheus Mauricio,LERH6635,Design de Produto,7.0,APROVADO POR MÉDIA
Matheus Mauricio,COOQ5695,Design de Interacao em Tempo Real,7.95,APROVADO POR MÉDIA
Matheus Mauricio,JJNT2088,Manipulacao de Imagem,7.25,APROVADO POR MÉDIA
Matheus Mauricio,TPYC6338,Design Thinking,7.0,APROVADO POR MÉDIA
Matheus Mauricio,IENT5068,Design Experimental,8.8,APROVADO POR MÉDIA
Matheus Mauricio,TSYB3211,Impressao 3D,7.0,APROVADO POR MÉDIA
Matheus Mauricio,VFBH8799,Design Cibernetico,9.1,APROVADO POR MÉDIA
Matheus Mauricio,UCTK5222,Design de Realidade Aumentada (AR) e Virtual (VR),9.0,APROVADO POR MÉDIA
Matheus Mauricio,BMDH7993,Design de Apresentacoes,8.75,APROVADO POR MÉDIA
Matheus Mauricio,JVFQ7338,Design de Interacao Cultural,7.25,APROVADO POR MÉDIA
Matheus Mauricio,MXMO8868,Cultura Visual,9.05,APROVADO POR MÉDIA
Matheus Mauricio,QVGO0107,Prototipagem em Papel,7.5,APROVADO POR MÉDIA
Matheus Mauricio,AOXV5438,Design de Espacos Virtuais,7.15,APROVADO POR MÉDIA
Matheus Mauricio,RRME1020,Design Parametrico,7.95,APROVADO POR MÉDIA
Matheus Mauricio,MAEY1044,Design Computacional,9.08,APROVADO POR MÉDIA
Matheus Mauricio,SATJ7970,Design de Narrativa Espacial,9.4,APROVADO POR MÉDIA
Matheus Mauricio,LLKP8902,Design Digital,7.0,APROVADO POR MÉDIA
Matheus Mauricio,DZNQ4989,Design Cenico,7.25,APROVADO POR MÉDIA
Matheus Mauricio,PPDN7220,Modelagem 3D,,CANCELADO COM ONUS
Matheus Mauricio,KZBU0327,Design de Interacao Corporal,7.1,APROVADO POR MÉDIA
Matheus Mauricio,XERB6119,Gestao de Marcas,5.57,APROVADO
Matheus Mauricio,UXMU2899,Interacao Tangivel,,APROVADO POR FREQÜÊNCIA
Matheus Mauricio,TRQX5862,Etica em Design,8.0,APROVADO POR MÉDIA
Matheus Mauricio,CÓDIGO,DISCIPLINA,NOTA FINAL,SITUAÇÃO CONCEITO
Matheus Mauricio,RVMF0745,Design Biomimetico,10.0,APROVADO POR MÉDIA
Matheus Mauricio,TWIP0018,Teoria da Cor,8.5,APROVADO POR MÉDIA
Matheus Mauricio,RMDE3651,Teoria do Design,7.0,APROVADO POR MÉDIA
Matheus Mauricio,WWGS2880,Design de Realidade Hibrida,8.55,APROVADO POR MÉDIA
Matheus Mauricio,DQUN5124,Comunicacao Visual,9.5,APROVADO POR MÉDIA
Matheus Mauricio,VMGY1151,Design de Interacao Tangivel,9.5,APROVADO POR MÉDIA
Matheus Mauricio,LSHL3127,Design de Redes Sociais,7.9,APROVADO POR MÉDIA
Matheus Mauricio,TOZF3011,SemiÃ³tica,9.0,APROVADO POR MÉDIA
Matheus Mauricio,NVRL4030,Materiais e Processos,8.0,APROVADO POR MÉDIA
Matheus Mauricio,PBCQ5148,Design de Impressao e Publicacao,9.65,APROVADO POR MÉDIA
Matheus Mauricio,VNBQ5535,Design de Moda,7.1,APROVADO POR MÉDIA
Matheus Mauricio,XYOT5349,Tecnicas de Iluminacao,9.5,APROVADO POR MÉDIA
Matheus Mauricio,,INTEGRALIZADO,,
Matheus Mauricio,,FORMADO,,
Vitoria Alice,OCRQ3517,"Storytelling Visual
DOCENTE(S): Maria Santos",9.5,APROVADO POR MÉDIA
Vitoria Alice,RJGL2456,"Design Colaborativo
DOCENTE(S): Fernanda Lima",8.75,APROVADO POR MÉDIA
Vitoria Alice,RJYZ5864,"Identidade Visual
DOCENTE(S): Joao Silva",9.0,APROVADO POR MÉDIA
Vitoria Alice,QBWW6998,"Computacao Grafica
DOCENTE(S): Marcos Ferreira",7.5,APROVADO POR MÉDIA
Vitoria Alice,UFMQ0127,"Design para Longevidade
DOCENTE(S): Marcos Ferreira",9.96,APROVADO POR MÉDIA
Vitoria Alice,MKUB0718,"Design de Mobiliario
DOCENTE(S): Fernanda Lima",9.85,APROVADO POR MÉDIA
Vitoria Alice,BKII1063,"Design de Visualizacao de Informacoes
DOCENTE(S): Andre Almeida",9.0,APROVADO POR MÉDIA
Vitoria Alice,KAWV5083,"Branding
DOCENTE(S): Rafaela Gomes",7.85,APROVADO POR MÉDIA
Vitoria Alice,DOMK5241,"Design de Aprendizado
DOCENTE(S): Ana Costa",5.63,APROVADO
Vitoria Alice,ZULH9584,"Projeto Integrado
DOCENTE(S): Fernanda Lima",8.4,APROVADO POR MÉDIA
Vitoria Alice,WPUV3332,"Design de Tecnologia Vestivel (Wearable)
DOCENTE(S): Andre Almeida",7.75,APROVADO POR MÉDIA
Vitoria Alice,NRYN3294,"Design de Interfaces Neuromorficas
DOCENTE(S): Marcos Ferreira",7.0,APROVADO POR MÉDIA
Vitoria Alice,NRCI1107,"Design de Experiencia em Museus
DOCENTE(S): Pedro Oliveira",8.15,APROVADO POR MÉDIA
Vitoria Alice,AAZN5771,"Ergonomia
DOCENTE(S): Pedro Oliveira",7.9,APROVADO POR MÉDIA
Vitoria Alice,JJNT2088,"Manipulacao de Imagem
DOCENTE(S): Diego Cardoso",7.88,APROVADO POR MÉDIA
Vitoria Alice,JGDZ1333,"Gamificacao
DOCENTE(S): Luiz Pereira",8.0,APROVADO POR MÉDIA
Vitoria Alice,TSYB3211,"Impressao 3D
DOCENTE(S): Marcos Ferreira",9.25,APROVADO POR MÉDIA
Vitoria Alice,VOQA5582,"Tipografia
DOCENTE(S): Joao Silva",7.0,APROVADO POR MÉDIA
Vitoria Alice,BLDG0260,"Design de Joias
DOCENTE(S): Gustavo Martins",9.5,APROVADO POR MÉDIA
Vitoria Alice,FZLO1427,"Marketing de Produto
DOCENTE(S): Carla Souza",9.05,APROVADO POR MÉDIA
Vitoria Alice,NGVU3526,"Ecodesign
DOCENTE(S): Diego Cardoso",8.25,APROVADO POR MÉDIA
Vitoria Alice,COOQ5695,"Design de Interacao em Tempo Real
DOCENTE(S): Pedro Oliveira",8.0,APROVADO POR MÉDIA
Vitoria Alice,VFBH8799,"Design Cibernetico
DOCENTE(S): Joao Silva",9.0,APROVADO POR MÉDIA
Vitoria Alice,UCTK5222,"Design de Realidade Aumentada (AR) e Virtual (VR)
DOCENTE(S): Juliana Rodrigues",8.0,APROVADO POR MÉDIA
Vitoria Alice,JVFQ7338,"Design de Interacao Cultural
DOCENTE(S): Gustavo Martins",7.0,APROVADO POR MÉDIA
Vitoria Alice,QVGO0107,"Prototipagem em Papel
DOCENTE(S): Juliana Rodrigues",8.5,APROVADO POR MÉDIA
Vitoria Alice,LERH6635,"Design de Produto
DOCENTE(S): Carla Souza",7.5,APROVADO POR MÉDIA
Vitoria Alice,HQDD9963,"Design Sonoro
DOCENTE(S): Patricia Nunes",9.0,APROVADO POR MÉDIA
Vitoria Alice,RVMF0745,"Design Biomimetico
DOCENTE(S): Carla Souza
(DOUTORADO).",,RENOVAÇÃO DE ESTÁGIO
Vitoria Alice,RVMF0745,"Design Biomimetico
DOCENTE(S): Carla Souza
(DOUTORADO).",9.5,APROVADO POR MÉDIA
Vitoria Alice,CÓDIGO,DISCIPLINA,NOTA FINAL,SITUAÇÃO CONCEITO
Vitoria Alice,JJLP9232,"Design de Realidade Simulada
DOCENTE(S): Larissa Vieira",10.0,APROVADO POR MÉDIA
Vitoria Alice,DZNQ4989,"Design Cenico
DOCENTE(S): Ana Costa",8.0,APROVADO POR MÉDIA
Vitoria Alice,MXMO8868,"Cultura Visual
DOCENTE(S): Patricia Nunes",7.75,APROVADO POR MÉDIA
Vitoria Alice,XERB6119,"Gestao de Marcas
DOCENTE(S): Maria Santos",7.1,APROVADO POR MÉDIA
Vitoria Alice,UXMU2899,"Interacao Tangivel
DOCENTE(S): Gustavo Martins",10.0,APROVADO POR MÉDIA
Vitoria Alice,TRQX5862,"Etica em Design
DOCENTE(S): Juliana Rodrigues",9.0,APROVADO POR MÉDIA
Vitoria Alice,MAEY1044,"Design Computacional
DOCENTE(S): Maria Santos",8.6,APROVADO POR MÉDIA
Vitoria Alice,SATJ7970,"Design de Narrativa Espacial
DOCENTE(S): Ana Costa",10.0,APROVADO POR MÉDIA
Vitoria Alice,TPYC6338,"Design Thinking
DOCENTE(S): Joao Silva",9.5,APROVADO POR MÉDIA
Vitoria Alice,IENT5068,"Design Experimental
DOCENTE(S): Rafaela Gomes",8.5,APROVADO POR MÉDIA
Vitoria Alice,KZBU0327,"Design de Interacao Corporal
DOCENTE(S): Fernanda Lima",8.75,APROVADO POR MÉDIA
Vitoria Alice,AOXV5438,"Design de Espacos Virtuais
DOCENTE(S): Pedro Oliveira",10.0,APROVADO POR MÉDIA
Vitoria Alice,RRME1020,"Design Parametrico
DOCENTE(S): Juliana Rodrigues",8.05,APROVADO POR MÉDIA
Vitoria Alice,TOZF3011,SemiÃ³tica,,CURSANDO
Vitoria Alice,WWGS2880,Design de Realidade Hibrida,,CURSANDO
Vitoria Alice,BKYH9817,Design de Interacao Social,,CURSANDO
Vitoria Alice,VMGY1151,Design de Interacao Tangivel,,CURSANDO
Vitoria Alice,VNBQ5535,Design de Moda,,CURSANDO
Maria Manuela,OCRQ3517,"Storytelling Visual
DOCENTE(S): Maria Santos",8.25,APROVADO POR MÉDIA
Maria Manuela,RJGL2456,"Design Colaborativo
DOCENTE(S): Fernanda Lima",2.75,REPROVADO
Maria Manuela,QBWW6998,"Computacao Grafica
DOCENTE(S): Marcos Ferreira",7.5,APROVADO POR MÉDIA
Maria Manuela,UFMQ0127,"Design para Longevidade
DOCENTE(S): Marcos Ferreira",2.3,REPROVADO
Maria Manuela,MKUB0718,"Design de Mobiliario
DOCENTE(S): Fernanda Lima",9.6,APROVADO POR MÉDIA
Maria Manuela,BKII1063,"Design de Visualizacao de Informacoes
DOCENTE(S): Andre Almeida",,REPROVADO POR FALTA
Maria Manuela,RJYZ5864,"Identidade Visual
DOCENTE(S): Joao Silva",7.0,APROVADO POR MÉDIA
Maria Manuela,TOZF3011,"SemiÃ³tica
DOCENTE(S): Luiz Pereira",9.0,APROVADO POR MÉDIA
Maria Manuela,MXMO8868,"Cultura Visual
DOCENTE(S): Patricia Nunes",8.0,APROVADO POR MÉDIA
Maria Manuela,RMDE3651,"Teoria do Design
DOCENTE(S): Marcos Ferreira",7.38,APROVADO POR MÉDIA
Maria Manuela,AAZN5771,"Ergonomia
DOCENTE(S): Pedro Oliveira",9.75,APROVADO POR MÉDIA
Maria Manuela,UXMU2899,"Interacao Tangivel
DOCENTE(S): Gustavo Martins",9.0,APROVADO POR MÉDIA
Maria Manuela,VMGY1151,"Design de Interacao Tangivel
DOCENTE(S): Rafaela Gomes",6.03,APROVADO
Maria Manuela,RJGL2456,"Design Colaborativo
DOCENTE(S): Fernanda Lima",7.28,APROVADO POR MÉDIA
Maria Manuela,TPYC6338,"Design Thinking
DOCENTE(S): Joao Silva",8.0,APROVADO POR MÉDIA
Maria Manuela,JGDZ1333,"Gamificacao
DOCENTE(S): Luiz Pereira",7.1,APROVADO POR MÉDIA
Maria Manuela,BKII1063,"Design de Visualizacao de Informacoes
DOCENTE(S): Andre Almeida",3.63,REPROVADO
Maria Manuela,BLDG0260,"Design de Joias
DOCENTE(S): Gustavo Martins",,REPROVADO POR FALTA
Maria Manuela,KAWV5083,"Branding
DOCENTE(S): Rafaela Gomes",7.25,APROVADO POR MÉDIA
Maria Manuela,DOMK5241,"Design de Aprendizado
DOCENTE(S): Ana Costa",,REPROVADO POR FALTA
Maria Manuela,ZULH9584,"Projeto Integrado
DOCENTE(S): Fernanda Lima",4.22,REPROVADO
Maria Manuela,WPUV3332,"Design de Tecnologia Vestivel (Wearable)
DOCENTE(S): Andre Almeida",7.75,APROVADO POR MÉDIA
Maria Manuela,BKII1063,"Design de Visualizacao de Informacoes
DOCENTE(S): Andre Almeida",6.07,APROVADO
Maria Manuela,LERH6635,"Design de Produto
DOCENTE(S): Carla Souza",8.0,APROVADO POR MÉDIA
Maria Manuela,ZULH9584,"Projeto Integrado
DOCENTE(S): Fernanda Lima",7.85,APROVADO POR MÉDIA
Maria Manuela,UFMQ0127,"Design para Longevidade
DOCENTE(S): Marcos Ferreira",9.61,APROVADO POR MÉDIA
Maria Manuela,NRYN3294,"Design de Interfaces Neuromorficas
DOCENTE(S): Marcos Ferreira",7.65,APROVADO POR MÉDIA
Maria Manuela,NRCI1107,"Design de Experiencia em Museus
DOCENTE(S): Pedro Oliveira",8.0,APROVADO POR MÉDIA
Maria Manuela,BLDG0260,"Design de Joias
DOCENTE(S): Gustavo Martins",10.0,APROVADO POR MÉDIA
Maria Manuela,FZLO1427,"Marketing de Produto
DOCENTE(S): Carla Souza",9.55,APROVADO POR MÉDIA
Maria Manuela,TRQX5862,Etica em Design,10.0,APROVADO POR MÉDIA
Maria Manuela,CÓDIGO,DISCIPLINA,NOTA FINAL,SITUAÇÃO CONCEITO
Maria Manuela,NGVU3526,"Ecodesign
DOCENTE(S): Diego Cardoso",9.8,APROVADO POR MÉDIA
Maria Manuela,DOMK5241,"Design de Aprendizado
DOCENTE(S): Ana Costa",7.0,APROVADO POR MÉDIA
Maria Manuela,COOQ5695,"Design de Interacao em Tempo Real
DOCENTE(S): Pedro Oliveira",8.5,APROVADO POR MÉDIA
Maria Manuela,UCTK5222,"Design de Realidade Aumentada (AR) e Virtual (VR)
DOCENTE(S): Juliana Rodrigues",9.45,APROVADO POR MÉDIA
Maria Manuela,TSYB3211,"Impressao 3D
DOCENTE(S): Marcos Ferreira",10.0,APROVADO POR MÉDIA
Maria Manuela,XERB6119,"Gestao de Marcas
DOCENTE(S): Maria Santos",8.0,APROVADO POR MÉDIA
Maria Manuela,JJNT2088,"Manipulacao de Imagem
DOCENTE(S): Diego Cardoso",9.0,APROVADO POR MÉDIA
Maria Manuela,BMDH7993,"Design de Apresentacoes
DOCENTE(S): Diego Cardoso",8.75,APROVADO POR MÉDIA
Maria Manuela,IENT5068,"Design Experimental
DOCENTE(S): Rafaela Gomes",8.0,APROVADO POR MÉDIA
Maria Manuela,VOQA5582,"Tipografia
DOCENTE(S): Joao Silva",9.85,APROVADO POR MÉDIA
Maria Manuela,DQUN5124,"Comunicacao Visual
DOCENTE(S): Luiz Pereira",8.5,APROVADO POR MÉDIA
Maria Manuela,AOXV5438,"Design de Espacos Virtuais
DOCENTE(S): Pedro Oliveira",9.0,APROVADO POR MÉDIA
Maria Manuela,RRME1020,"Design Parametrico
DOCENTE(S): Juliana Rodrigues",7.0,APROVADO POR MÉDIA
Maria Manuela,VFBH8799,"Design Cibernetico
DOCENTE(S): Joao Silva",9.75,APROVADO POR MÉDIA
Maria Manuela,JVFQ7338,"Design de Interacao Cultural
DOCENTE(S): Gustavo Martins",7.5,APROVADO POR MÉDIA
Maria Manuela,DZNQ4989,"Design Cenico
DOCENTE(S): Ana Costa",8.0,APROVADO POR MÉDIA
Maria Manuela,WWGS2880,"Design de Realidade Hibrida
DOCENTE(S): Pedro Oliveira",9.5,APROVADO POR MÉDIA
Maria Manuela,QVGO0107,"Prototipagem em Papel
DOCENTE(S): Juliana Rodrigues",8.0,APROVADO POR MÉDIA
Maria Manuela,MAEY1044,"Design Computacional
DOCENTE(S): Maria Santos",7.7,APROVADO POR MÉDIA
Maria Manuela,HQDD9963,"Design Sonoro
DOCENTE(S): Patricia Nunes",9.5,APROVADO POR MÉDIA
Maria Manuela,RVMF0745,"Design Biomimetico
DOCENTE(S): Carla Souza
(DOUTORADO).",10.0,APROVADO POR MÉDIA
Maria Manuela,KZBU0327,"Design de Interacao Corporal
DOCENTE(S): Fernanda Lima",9.0,APROVADO POR MÉDIA
Maria Manuela,NVRL4030,"Materiais e Processos
DOCENTE(S): Juliana Rodrigues",10.0,APROVADO POR MÉDIA
Maria Manuela,JJLP9232,"Design de Realidade Simulada
DOCENTE(S): Larissa Vieira",10.0,APROVADO POR MÉDIA
Maria Manuela,TLQG8423,"Design Biofilico
DOCENTE(S): Ana Costa",9.0,APROVADO POR MÉDIA
Maria Manuela,SATJ7970,"Design de Narrativa Espacial
DOCENTE(S): Ana Costa",10.0,APROVADO POR MÉDIA
Maria Manuela,LSHL3127,"Design de Redes Sociais
DOCENTE(S): Larissa Vieira",9.25,APROVADO POR MÉDIA
Maria Manuela,TWIP0018,Teoria da Cor,,CURSANDO
Maria Manuela,XYOT5349,Tecnicas de Iluminacao,,CURSANDO
Marcelo Laura,OCRQ3517,Storytelling Visual,,REPROVADO POR FALTA
Marcelo Laura,RJGL2456,Design Colaborativo,,REPROVADO POR FALTA
Marcelo Laura,QBWW6998,Computacao Grafica,,REPROVADO POR FALTA
Marcelo Laura,UFMQ0127,Design para Longevidade,,REPROVADO POR FALTA
Marcelo Laura,MKUB0718,Design de Mobiliario,,REPROVADO POR FALTA
Marcelo Laura,BKII1063,Design de Visualizacao de Informacoes,,REPROVADO POR FALTA
Marcelo Laura,RJYZ5864,Identidade Visual,,REPROVADO POR FALTA
Marcelo Laura,,DESVINCULADO,,
Luciana Luca,OCRQ3517,"Storytelling Visual
DOCENTE(S): Maria Santos",,REPROVADO POR FALTA
Luciana Luca,RJGL2456,"Design Colaborativo
DOCENTE(S): Fernanda Lima",,REPROVADO POR FALTA
Luciana Luca,QBWW6998,"Computacao Grafica
DOCENTE(S): Marcos Ferreira",,REPROVADO POR FALTA
Luciana Luca,UFMQ0127,"Design para Longevidade
DOCENTE(S): Marcos Ferreira",,REPROVADO POR FALTA
Luciana Luca,MKUB0718,"Design de Mobiliario
DOCENTE(S): Fernanda Lima",,REPROVADO POR FALTA
Luciana Luca,BKII1063,"Design de Visualizacao de Informacoes
DOCENTE(S): Andre Almeida",,REPROVADO POR FALTA
Luciana Luca,RJYZ5864,"Identidade Visual
DOCENTE(S): Joao Silva",,REPROVADO POR FALTA
Luciana Luca,,DESVINCULADO,,
Luca Lorena,OCRQ3517,Storytelling Visual,7.8,APROVADO POR MÉDIA
Luca Lorena,RJGL2456,Design Colaborativo,2.63,REPROVADO
Luca Lorena,QBWW6998,Computacao Grafica,9.5,APROVADO POR MÉDIA
Luca Lorena,UFMQ0127,Design para Longevidade,9.0,APROVADO POR MÉDIA
Luca Lorena,MKUB0718,Design de Mobiliario,,APROVADO POR FREQÜÊNCIA
Luca Lorena,BKII1063,Design de Visualizacao de Informacoes,5.5,APROVADO
Luca Lorena,RJYZ5864,Identidade Visual,9.0,APROVADO POR MÉDIA
Luca Lorena,RJGL2456,Design Colaborativo,9.0,APROVADO POR MÉDIA
Luca Lorena,JGDZ1333,Gamificacao,9.5,APROVADO POR MÉDIA
Luca Lorena,NRYN3294,Design de Interfaces Neuromorficas,9.0,APROVADO POR MÉDIA
Luca Lorena,NRCI1107,Design de Experiencia em Museus,8.0,APROVADO POR MÉDIA
Luca Lorena,MXMO8868,Cultura Visual,5.88,APROVADO
Luca Lorena,BLDG0260,Design de Joias,8.8,APROVADO POR MÉDIA
Luca Lorena,AAZN5771,Ergonomia,7.75,APROVADO POR MÉDIA
Luca Lorena,DOMK5241,Design de Aprendizado,8.5,APROVADO POR MÉDIA
Luca Lorena,JJNT2088,Manipulacao de Imagem,7.5,APROVADO POR MÉDIA
Luca Lorena,ZULH9584,Projeto Integrado,8.75,APROVADO POR MÉDIA
Luca Lorena,WPUV3332,Design de Tecnologia Vestivel (Wearable),7.55,APROVADO POR MÉDIA
Luca Lorena,TPYC6338,Design Thinking,7.0,APROVADO POR MÉDIA
Luca Lorena,TSYB3211,Impressao 3D,7.38,APROVADO POR MÉDIA
Luca Lorena,KAWV5083,Branding,7.45,APROVADO POR MÉDIA
Luca Lorena,NGVU3526,Ecodesign,9.5,APROVADO POR MÉDIA
Luca Lorena,COOQ5695,Design de Interacao em Tempo Real,7.5,APROVADO POR MÉDIA
Luca Lorena,UCTK5222,Design de Realidade Aumentada (AR) e Virtual (VR),7.25,APROVADO POR MÉDIA
Luca Lorena,JVFQ7338,Design de Interacao Cultural,4.13,REPROVADO
Luca Lorena,VOQA5582,Tipografia,7.0,APROVADO POR MÉDIA
Luca Lorena,QVGO0107,Prototipagem em Papel,4.38,REPROVADO
Luca Lorena,FZLO1427,Marketing de Produto,7.5,APROVADO POR MÉDIA
Luca Lorena,LERH6635,Design de Produto,7.0,APROVADO POR MÉDIA
Luca Lorena,VFBH8799,Design Cibernetico,8.0,APROVADO POR MÉDIA
Luca Lorena,JVFQ7338,Design de Interacao Cultural,7.25,APROVADO POR MÉDIA
Luca Lorena,IENT5068,Design Experimental,8.25,APROVADO POR MÉDIA
Luca Lorena,QVGO0107,Prototipagem em Papel,7.9,APROVADO POR MÉDIA
Luca Lorena,AOXV5438,Design de Espacos Virtuais,7.5,APROVADO POR MÉDIA
Luca Lorena,RRME1020,Design Parametrico,8.5,APROVADO POR MÉDIA
Luca Lorena,MAEY1044,Design Computacional,9.75,APROVADO POR MÉDIA
Luca Lorena,BMDH7993,Design de Apresentacoes,7.75,APROVADO POR MÉDIA
Luca Lorena,SATJ7970,Design de Narrativa Espacial,9.3,APROVADO POR MÉDIA
Luca Lorena,LLKP8902,Design Digital,8.5,APROVADO POR MÉDIA
Luca Lorena,DZNQ4989,Design Cenico,7.6,APROVADO POR MÉDIA
Luca Lorena,KZBU0327,Design de Interacao Corporal,5.13,APROVADO
Luca Lorena,XERB6119,Gestao de Marcas,9.15,APROVADO POR MÉDIA
Luca Lorena,UXMU2899,Interacao Tangivel,7.0,APROVADO POR MÉDIA
Luca Lorena,TRQX5862,Etica em Design,8.25,APROVADO POR MÉDIA
Luca Lorena,TOZF3011,SemiÃ³tica,1.63,REPROVADO
Luca Lorena,RVMF0745,Design Biomimetico,,REPROVADO POR FALTA
Luca Lorena,CÓDIGO,DISCIPLINA,NOTA FINAL,SITUAÇÃO CONCEITO
Luca Lorena,TWIP0018,Teoria da Cor,8.0,APROVADO POR MÉDIA
Luca Lorena,RMDE3651,Teoria do Design,7.0,APROVADO POR MÉDIA
Luca Lorena,DQUN5124,Comunicacao Visual,8.25,APROVADO POR MÉDIA
Luca Lorena,VMGY1151,Design de Interacao Tangivel,,REPROVADO POR FALTA
Luca Lorena,LSHL3127,Design de Redes Sociais,7.0,APROVADO POR MÉDIA
Luca Lorena,PBCQ5148,Design de Impressao e Publicacao,7.0,APROVADO POR MÉDIA
Luca Lorena,VNBQ5535,Design de Moda,8.5,APROVADO POR MÉDIA
Luca Lorena,TOZF3011,SemiÃ³tica,7.0,APROVADO POR MÉDIA
Luca Lorena,HILN2052,Design de Impacto Social,7.0,APROVADO POR MÉDIA
Luca Lorena,RVMF0745,Design Biomimetico,5.0,APROVADO
Luca Lorena,NVRL4030,Materiais e Processos,9.0,APROVADO POR MÉDIA
Luca Lorena,VMGY1151,Design de Interacao Tangivel,8.0,APROVADO POR MÉDIA
Luca Lorena,XYOT5349,Tecnicas de Iluminacao,,REPROVADO POR FALTA
Luca Lorena,XYOT5349,Tecnicas de Iluminacao,,REPROVADO POR FALTA
Luca Lorena,XYOT5349,Tecnicas de Iluminacao,9.0,APROVADO POR MÉDIA
Luca Lorena,,INTEGRALIZADO,,
Luca Lorena,,FORMADO,,
Beatriz Paula,OCRQ3517,Storytelling Visual,7.3,APROVADO POR MÉDIA
Beatriz Paula,RJGL2456,Design Colaborativo,0.5,REPROVADO
Beatriz Paula,QBWW6998,Computacao Grafica,5.72,APROVADO
Beatriz Paula,UFMQ0127,Design para Longevidade,6.0,APROVADO
Beatriz Paula,MKUB0718,Design de Mobiliario,,APROVADO POR FREQÜÊNCIA
Beatriz Paula,BKII1063,Design de Visualizacao de Informacoes,2.5,REPROVADO
Beatriz Paula,RJYZ5864,Identidade Visual,6.63,APROVADO
Beatriz Paula,RJGL2456,Design Colaborativo,2.45,REPROVADO
Beatriz Paula,TPYC6338,Design Thinking,7.5,APROVADO POR MÉDIA
Beatriz Paula,JGDZ1333,Gamificacao,9.75,APROVADO POR MÉDIA
Beatriz Paula,BKII1063,Design de Visualizacao de Informacoes,5.63,APROVADO
Beatriz Paula,AAZN5771,Ergonomia,7.0,APROVADO POR MÉDIA
Beatriz Paula,RJGL2456,Design Colaborativo,,REPROVADO POR FALTA
Beatriz Paula,NRYN3294,Design de Interfaces Neuromorficas,3.55,REPROVADO
Beatriz Paula,NRCI1107,Design de Experiencia em Museus,4.13,REPROVADO
Beatriz Paula,BLDG0260,Design de Joias,9.0,APROVADO POR MÉDIA
Beatriz Paula,UXMU2899,Interacao Tangivel,,APROVADO POR FREQÜÊNCIA
Beatriz Paula,COOQ5695,Design de Interacao em Tempo Real,7.9,APROVADO POR MÉDIA
Beatriz Paula,RJGL2456,Design Colaborativo,4.0,REPROVADO
Beatriz Paula,UCTK5222,Design de Realidade Aumentada (AR) e Virtual (VR),,REPROVADO POR FALTA
Beatriz Paula,NRCI1107,Design de Experiencia em Museus,6.63,APROVADO
Beatriz Paula,MXMO8868,Cultura Visual,8.0,APROVADO
Beatriz Paula,RJGL2456,Design Colaborativo,8.0,APROVADO POR MÉDIA
Beatriz Paula,NRYN3294,Design de Interfaces Neuromorficas,5.7,APROVADO
Beatriz Paula,VOQA5582,Tipografia,3.47,REPROVADO
Beatriz Paula,RRME1020,Design Parametrico,4.7,REPROVADO
Beatriz Paula,DOMK5241,Design de Aprendizado,7.0,APROVADO POR MÉDIA
Beatriz Paula,JJNT2088,Manipulacao de Imagem,7.8,APROVADO POR MÉDIA
Beatriz Paula,ZULH9584,Projeto Integrado,3.55,REPROVADO
Beatriz Paula,WPUV3332,Design de Tecnologia Vestivel (Wearable),8.1,APROVADO POR MÉDIA
Beatriz Paula,TSYB3211,Impressao 3D,7.45,APROVADO POR MÉDIA
Beatriz Paula,VOQA5582,Tipografia,3.2,REPROVADO
Beatriz Paula,KAWV5083,Branding,4.25,REPROVADO
Beatriz Paula,NGVU3526,Ecodesign,9.0,APROVADO POR MÉDIA
Beatriz Paula,VFBH8799,Design Cibernetico,7.5,APROVADO POR MÉDIA
Beatriz Paula,UCTK5222,Design de Realidade Aumentada (AR) e Virtual (VR),9.25,APROVADO POR MÉDIA
Beatriz Paula,JVFQ7338,Design de Interacao Cultural,7.75,APROVADO POR MÉDIA
Beatriz Paula,VOQA5582,Tipografia,6.15,APROVADO
Beatriz Paula,QVGO0107,Prototipagem em Papel,6.78,APROVADO
Beatriz Paula,AOXV5438,Design de Espacos Virtuais,7.7,APROVADO POR MÉDIA
Beatriz Paula,RRME1020,Design Parametrico,9.75,APROVADO POR MÉDIA
Beatriz Paula,ZULH9584,Projeto Integrado,5.57,APROVADO
Beatriz Paula,BMDH7993,Design de Apresentacoes,8.0,APROVADO POR MÉDIA
Beatriz Paula,SATJ7970,Design de Narrativa Espacial,8.7,APROVADO POR MÉDIA
Beatriz Paula,LLKP8902,Design Digital,8.3,APROVADO POR MÉDIA
Beatriz Paula,CÓDIGO,DISCIPLINA,NOTA FINAL,SITUAÇÃO CONCEITO
Beatriz Paula,KZBU0327,Design de Interacao Corporal,7.25,APROVADO POR MÉDIA
Beatriz Paula,KAWV5083,Branding,7.0,APROVADO POR MÉDIA
Beatriz Paula,TOZF3011,SemiÃ³tica,1.13,REPROVADO
Beatriz Paula,MAEY1044,Design Computacional,5.03,APROVADO
Beatriz Paula,HQDD9963,Design Sonoro,7.5,APROVADO POR MÉDIA
Beatriz Paula,RVMF0745,Design Biomimetico,9.0,APROVADO POR MÉDIA
Beatriz Paula,TWIP0018,Teoria da Cor,10.0,APROVADO POR MÉDIA
Beatriz Paula,RMDE3651,Teoria do Design,8.5,APROVADO POR MÉDIA
Beatriz Paula,FZLO1427,Marketing de Produto,3.38,REPROVADO
Beatriz Paula,VMGY1151,Design de Interacao Tangivel,8.0,APROVADO POR MÉDIA
Beatriz Paula,TOZF3011,SemiÃ³tica,8.5,APROVADO POR MÉDIA
Beatriz Paula,FZLO1427,Marketing de Produto,8.39,APROVADO POR MÉDIA
Beatriz Paula,VNBQ5535,Design de Moda,9.5,APROVADO POR MÉDIA
Beatriz Paula,XYOT5349,Tecnicas de Iluminacao,10.0,APROVADO POR MÉDIA
Beatriz Paula,IENT5068,Design Experimental,7.75,APROVADO POR MÉDIA
Beatriz Paula,XERB6119,Gestao de Marcas,5.13,APROVADO
Beatriz Paula,LERH6635,Design de Produto,7.75,APROVADO POR MÉDIA
Beatriz Paula,DZNQ4989,Design Cenico,5.25,APROVADO
Beatriz Paula,WWGS2880,Design de Realidade Hibrida,7.2,APROVADO POR MÉDIA
Beatriz Paula,DQUN5124,Comunicacao Visual,9.5,APROVADO POR MÉDIA
Beatriz Paula,NVRL4030,Materiais e Processos,10.0,APROVADO POR MÉDIA
Beatriz Paula,LSHL3127,Design de Redes Sociais,5.39,APROVADO
Beatriz Paula,TRQX5862,Etica em Design,8.75,APROVADO POR MÉDIA
Beatriz Paula,,INTEGRALIZADO,,
Beatriz Paula,,FORMADO,,
DOCENTE(S): -----------.,OCRQ3517,Storytelling Visual,8.65,APROVADO POR MÉDIA
DOCENTE(S): -----------.,RJGL2456,Design Colaborativo,7.1,APROVADO POR MÉDIA
DOCENTE(S): -----------.,QBWW6998,Computacao Grafica,8.0,APROVADO POR MÉDIA
DOCENTE(S): -----------.,UFMQ0127,Design para Longevidade,7.5,APROVADO POR MÉDIA
DOCENTE(S): -----------.,MKUB0718,Design de Mobiliario,,APROVADO POR FREQÜÊNCIA
DOCENTE(S): -----------.,BKII1063,Design de Visualizacao de Informacoes,,REPROVADO POR FALTA
DOCENTE(S): -----------.,RJYZ5864,Identidade Visual,7.0,APROVADO POR MÉDIA
DOCENTE(S): -----------.,,DESLIGAMENTO,,
Rafael Amanda,OCRQ3517,Storytelling Visual,7.5,APROVADO POR MÉDIA
Rafael Amanda,RJGL2456,Design Colaborativo,,REPROVADO POR FALTA
Rafael Amanda,QBWW6998,Computacao Grafica,8.0,APROVADO POR MÉDIA
Rafael Amanda,UFMQ0127,Design para Longevidade,,REPROVADO POR FALTA
Rafael Amanda,MKUB0718,Design de Mobiliario,8.0,APROVADO POR MÉDIA
Rafael Amanda,BKII1063,Design de Visualizacao de Informacoes,1.25,REPROVADO
Rafael Amanda,RJYZ5864,Identidade Visual,9.05,APROVADO POR MÉDIA
Rafael Amanda,RJGL2456,Design Colaborativo,,REPROVADO POR FALTA
Rafael Amanda,UFMQ0127,Design para Longevidade,3.25,REPROVADO
Rafael Amanda,BKII1063,Design de Visualizacao de Informacoes,5.0,APROVADO
Rafael Amanda,MXMO8868,Cultura Visual,9.25,APROVADO POR MÉDIA
Rafael Amanda,UXMU2899,Interacao Tangivel,,APROVADO POR FREQÜÊNCIA
Rafael Amanda,KAWV5083,Branding,7.0,APROVADO POR MÉDIA
Rafael Amanda,RJGL2456,Design Colaborativo,,REPROVADO POR FALTA
Rafael Amanda,TPYC6338,Design Thinking,7.25,APROVADO POR MÉDIA
Rafael Amanda,NRYN3294,Design de Interfaces Neuromorficas,,REPROVADO POR FALTA
Rafael Amanda,NRCI1107,Design de Experiencia em Museus,,REPROVADO POR FALTA
Rafael Amanda,RMDE3651,Teoria do Design,7.0,APROVADO POR MÉDIA
Rafael Amanda,BLDG0260,Design de Joias,7.0,APROVADO POR MÉDIA
Rafael Amanda,AAZN5771,Ergonomia,8.77,APROVADO POR MÉDIA
Rafael Amanda,LERH6635,Design de Produto,8.65,APROVADO POR MÉDIA
Rafael Amanda,RJGL2456,Design Colaborativo,,REPROVADO POR FALTA
Rafael Amanda,RVMF0745,Design Biomimetico,,REPROVADO POR FALTA
Rafael Amanda,TRQX5862,Etica em Design,,REPROVADO POR FALTA
Rafael Amanda,RJGL2456,Design Colaborativo,,REPROVADO POR FALTA
Rafael Amanda,UFMQ0127,Design para Longevidade,,REPROVADO POR FALTA
Rafael Amanda,COOQ5695,Design de Interacao em Tempo Real,,REPROVADO POR FALTA
Rafael Amanda,RJGL2456,Design Colaborativo,,REPROVADO POR FALTA
Rafael Amanda,RVMF0745,Design Biomimetico,,REPROVADO POR FALTA
Rafael Amanda,UFMQ0127,Design para Longevidade,,REPROVADO POR FALTA
Rafael Amanda,DZNQ4989,Design Cenico,,REPROVADO POR FALTA
Rafael Amanda,TRQX5862,Etica em Design,,REPROVADO POR FALTA
Rafael Amanda,BMDH7993,Design de Apresentacoes,,REPROVADO POR FALTA
Rafael Amanda,RVMF0745,Design Biomimetico,,REPROVADO POR FALTA
Rafael Amanda,DZNQ4989,Design Cenico,,REPROVADO POR FALTA
Rafael Amanda,JGDZ1333,Gamificacao,,REPROVADO POR FALTA
Rafael Amanda,NRCI1107,Design de Experiencia em Museus,,REPROVADO POR FALTA
Rafael Amanda,TRQX5862,Etica em Design,,REPROVADO POR FALTA
Rafael Amanda,,DESLIGAMENTO,,
Alice Guilherme,,DESLIGAMENTO,,
Sophie Natalia,VOEO3500,"Fabricacao Digital
DOCENTE(S): Pedro Oliveira",9.25,APROVADO POR MÉDIA
Sophie Natalia,FXNL8248,"Design de Mobiliario Urbano
DOCENTE(S): Marcos Ferreira",7.0,APROVADO POR MÉDIA
Sophie Natalia,LRHU3100,"Principios de Design
DOCENTE(S): Patricia Nunes",4.25,REPROVADO
Sophie Natalia,WEYQ3918,"Design de Embalagens
DOCENTE(S): Carla Souza",8.1,APROVADO POR MÉDIA
Sophie Natalia,HQNZ9122,"Design Editorial
DOCENTE(S): Gustavo Martins",8.5,APROVADO POR MÉDIA
Sophie Natalia,IJXL5321,"Design de Intervencao
DOCENTE(S): Joao Silva",7.8,APROVADO POR MÉDIA
Sophie Natalia,WSKA4167,"Design Sustentavel
DOCENTE(S): Joao Silva",8.5,APROVADO POR MÉDIA
Sophie Natalia,SDBY9901,"Visualizacao de Dados
DOCENTE(S): Andre Almeida",8.38,APROVADO POR MÉDIA
Sophie Natalia,PJRH2988,"Design de Interacao Emocional
DOCENTE(S): Pedro Oliveira",7.0,APROVADO POR MÉDIA
Sophie Natalia,JKVZ3462,"Design Estrategico
DOCENTE(S): Carla Souza",7.5,APROVADO POR MÉDIA
Sophie Natalia,OVBZ5505,"Design de Acessibilidade
DOCENTE(S): Carla Souza",9.8,APROVADO POR MÉDIA
Sophie Natalia,ZAIU7922,"Design de Instrumentos Musicais
DOCENTE(S): Andre Almeida",6.25,APROVADO
Sophie Natalia,IFDE0732,"Design Generativo
DOCENTE(S): Larissa Vieira",9.0,APROVADO POR MÉDIA
Sophie Natalia,IPKL2289,"Design Participativo
DOCENTE(S): Larissa Vieira",7.65,APROVADO POR MÉDIA
Sophie Natalia,VDQT9946,"Pesquisa em Design
DOCENTE(S): Marcos Ferreira",7.65,APROVADO POR MÉDIA
Sophie Natalia,LRHU3100,"Principios de Design
DOCENTE(S): Patricia Nunes",7.75,APROVADO POR MÉDIA
Sophie Natalia,NPRM1263,"Criacao de Personagens
DOCENTE(S): Juliana Rodrigues",8.55,APROVADO POR MÉDIA
Sophie Natalia,LCDL2427,"Design de Veiculos
DOCENTE(S): Juliana Rodrigues",8.5,APROVADO POR MÉDIA
Sophie Natalia,NLTJ3774,"Design de Comportamento
DOCENTE(S): Pedro Oliveira",8.3,APROVADO POR MÉDIA
Sophie Natalia,GNWI1783,Design de Interface (UI),,CURSANDO
Sophie Natalia,GGRQ0786,Estrategias de Comunicacao,,CURSANDO
Sophie Natalia,FROV6829,Design de Rituais e Cerimonias,,CURSANDO
Sophie Natalia,ANKI1176,Psicologia do Consumidor,,CURSANDO
Sophie Natalia,DOGE5525,Design de Experiencia em Varejo,,CURSANDO
Luiz Manuela,OCRQ3517,Storytelling Visual,5.13,APROVADO
Luiz Manuela,RJGL2456,Design Colaborativo,7.0,APROVADO POR MÉDIA
Luiz Manuela,QBWW6998,Computacao Grafica,8.0,APROVADO POR MÉDIA
Luiz Manuela,UFMQ0127,Design para Longevidade,3.5,REPROVADO
Luiz Manuela,MKUB0718,Design de Mobiliario,9.0,APROVADO POR MÉDIA
Luiz Manuela,BKII1063,Design de Visualizacao de Informacoes,7.25,APROVADO POR MÉDIA
Luiz Manuela,RJYZ5864,Identidade Visual,7.0,APROVADO POR MÉDIA
Luiz Manuela,DOMK5241,Design de Aprendizado,5.25,APROVADO
Luiz Manuela,ZULH9584,Projeto Integrado,,REPROVADO POR FALTA
Luiz Manuela,WPUV3332,Design de Tecnologia Vestivel (Wearable),6.7,APROVADO
Luiz Manuela,NRYN3294,Design de Interfaces Neuromorficas,7.0,APROVADO POR MÉDIA
Luiz Manuela,NRCI1107,Design de Experiencia em Museus,7.5,APROVADO POR MÉDIA
Luiz Manuela,AAZN5771,Ergonomia,7.0,APROVADO POR MÉDIA
Luiz Manuela,JJNT2088,Manipulacao de Imagem,2.88,REPROVADO
Luiz Manuela,TPYC6338,Design Thinking,,REPROVADO POR FALTA
Luiz Manuela,JGDZ1333,Gamificacao,7.0,APROVADO POR MÉDIA
Luiz Manuela,TSYB3211,Impressao 3D,5.88,APROVADO
Luiz Manuela,VOQA5582,Tipografia,5.0,APROVADO
Luiz Manuela,BLDG0260,Design de Joias,6.5,APROVADO
Luiz Manuela,KAWV5083,Branding,7.0,APROVADO POR MÉDIA
Luiz Manuela,NGVU3526,Ecodesign,7.1,APROVADO POR MÉDIA
Luiz Manuela,COOQ5695,Design de Interacao em Tempo Real,,REPROVADO POR FALTA
Luiz Manuela,VFBH8799,Design Cibernetico,,REPROVADO POR FALTA
Luiz Manuela,JVFQ7338,Design de Interacao Cultural,,REPROVADO POR FALTA
Luiz Manuela,TPYC6338,Design Thinking,,CANCELADO COM ONUS
Luiz Manuela,QVGO0107,Prototipagem em Papel,,REPROVADO POR FALTA
Luiz Manuela,UXMU2899,Interacao Tangivel,,REPROVADO POR FALTA
Luiz Manuela,LERH6635,Design de Produto,,REPROVADO POR FALTA
Luiz Manuela,COOQ5695,Design de Interacao em Tempo Real,,REPROVADO POR FALTA
Luiz Manuela,VFBH8799,Design Cibernetico,,REPROVADO POR FALTA
Luiz Manuela,ZULH9584,Projeto Integrado,,REPROVADO POR FALTA
Luiz Manuela,BMDH7993,Design de Apresentacoes,7.25,APROVADO POR MÉDIA
Luiz Manuela,MXMO8868,Cultura Visual,8.0,APROVADO POR MÉDIA
Luiz Manuela,RMDE3651,Teoria do Design,,REPROVADO POR FALTA
Luiz Manuela,QVGO0107,Prototipagem em Papel,,REPROVADO POR FALTA
Luiz Manuela,LERH6635,Design de Produto,,REPROVADO POR FALTA
Luiz Manuela,COOQ5695,Design de Interacao em Tempo Real,,REPROVADO POR FALTA
Luiz Manuela,ZULH9584,Projeto Integrado,2.5,REPROVADO
Luiz Manuela,UFMQ0127,Design para Longevidade,1.88,REPROVADO
Luiz Manuela,QVGO0107,Prototipagem em Papel,,REPROVADO POR FALTA
Luiz Manuela,JJNT2088,Manipulacao de Imagem,,REPROVADO POR FALTA
Luiz Manuela,UFMQ0127,Design para Longevidade,,REPROVADO POR FALTA
Luiz Manuela,JJNT2088,Manipulacao de Imagem,,REPROVADO POR FALTA
Luiz Manuela,ZULH9584,Projeto Integrado,,REPROVADO POR FALTA
Luiz Manuela,UFMQ0127,Design para Longevidade,,REPROVADO POR FALTA
Luiz Manuela,CÓDIGO,DISCIPLINA,NOTA FINAL,SITUAÇÃO CONCEITO
Luiz Manuela,RMDE3651,Teoria do Design,,REPROVADO POR FALTA
Luiz Manuela,QVGO0107,Prototipagem em Papel,,REPROVADO POR FALTA
Luiz Manuela,LERH6635,Design de Produto,,REPROVADO POR FALTA
Luiz Manuela,RRME1020,Design Parametrico,,REPROVADO POR FALTA
Luiz Manuela,COOQ5695,Design de Interacao em Tempo Real,,REPROVADO POR FALTA
Luiz Manuela,HQDD9963,Design Sonoro,,REPROVADO POR FALTA
Luiz Manuela,RVMF0745,Design Biomimetico,,REPROVADO POR FALTA
Luiz Manuela,UFMQ0127,Design para Longevidade,,REPROVADO POR FALTA
Luiz Manuela,QVGO0107,Prototipagem em Papel,,REPROVADO POR FALTA
Luiz Manuela,HQDD9963,Design Sonoro,,REPROVADO POR FALTA
Luiz Manuela,UFMQ0127,Design para Longevidade,,REPROVADO POR FALTA
Luiz Manuela,TPYC6338,Design Thinking,,REPROVADO POR FALTA
Luiz Manuela,BKYH9817,Design de Interacao Social,,REPROVADO POR FALTA
Luiz Manuela,VMGY1151,Design de Interacao Tangivel,,REPROVADO POR FALTA
Luiz Manuela,,DESLIGAMENTO,,
Isadora Mariana,OCRQ3517,Storytelling Visual,7.0,APROVADO POR MÉDIA
Isadora Mariana,RJGL2456,Design Colaborativo,5.0,APROVADO
Isadora Mariana,QBWW6998,Computacao Grafica,7.75,APROVADO POR MÉDIA
Isadora Mariana,UFMQ0127,Design para Longevidade,,REPROVADO POR FALTA
Isadora Mariana,MKUB0718,Design de Mobiliario,,APROVADO POR FREQÜÊNCIA
Isadora Mariana,BKII1063,Design de Visualizacao de Informacoes,9.5,APROVADO POR MÉDIA
Isadora Mariana,RJYZ5864,Identidade Visual,9.5,APROVADO POR MÉDIA
Isadora Mariana,ZULH9584,Projeto Integrado,2.55,REPROVADO
Isadora Mariana,WPUV3332,Design de Tecnologia Vestivel (Wearable),7.0,APROVADO POR MÉDIA
Isadora Mariana,UFMQ0127,Design para Longevidade,,REPROVADO POR FALTA
Isadora Mariana,NRYN3294,Design de Interfaces Neuromorficas,,REPROVADO POR FALTA
Isadora Mariana,NRCI1107,Design de Experiencia em Museus,,REPROVADO POR FALTA
Isadora Mariana,AAZN5771,Ergonomia,,REPROVADO POR FALTA
Isadora Mariana,,DESVINCULADO,,
Paula Michele,OCRQ3517,Storytelling Visual,,REPROVADO POR FALTA
Paula Michele,RJGL2456,Design Colaborativo,,REPROVADO POR FALTA
Paula Michele,QBWW6998,Computacao Grafica,,REPROVADO POR FALTA
Paula Michele,UFMQ0127,Design para Longevidade,,REPROVADO POR FALTA
Paula Michele,MKUB0718,Design de Mobiliario,7.5,APROVADO POR MÉDIA
Paula Michele,BKII1063,Design de Visualizacao de Informacoes,,REPROVADO POR FALTA
Paula Michele,RJYZ5864,Identidade Visual,2.5,REPROVADO
Paula Michele,,DESVINCULADO,,
