nome,disciplina,nome_Docente,ano,nota,situacao,semestre
Alana Alice,Computacao Grafica,,2013,9.5,APROVADO POR MÉDIA,1
Alana Alice,Cultura Visual,,2013,7.25,APROVADO POR MÉDIA,2
Alana Alice,DESLIGAMENTO,,2015,,,1
Alana Alice,Design Colaborativo,,2013,0.15,REPROVADO,1
Alana Alice,Design de Apresentacoes,,2013,7.0,APROVADO POR MÉDIA,2
Alana Alice,Design de Mobiliario,,2013,,APROVADO POR FREQÜÊNCIA,1
Alana Alice,Design de Visualizacao de Informacoes,,2013,,REPROVADO POR FALTA,1
Alana Alice,Design de Visualizacao de Informacoes,,2013,,REPROVADO POR FALTA,2
Alana Alice,Design para Longevidade,,2013,,REPROVADO POR FALTA,1
Alana Alice,Ergonomia,,2013,,REPROVADO POR FALTA,2
Alana Alice,Gamificacao,,2013,6.0,APROVADO,2
Alana Alice,Identidade Visual,,2013,7.65,APROVADO POR MÉDIA,1
Alana Alice,Storytelling Visual,,2013,5.13,APROVADO,1
Arthur Leticia,Branding,Rafaela Gomes,2019,5.75,APROVADO,1
Arthur Leticia,Computacao Grafica,Marcos Ferreira,2018,8.75,APROVADO POR MÉDIA,1
Arthur Leticia,DESVINCULADO,,2021,,,1
Arthur Leticia,DISCIPLINA,,ANO,NOTA FINAL,SITUAÇÃO CONCEITO,"SE
MES
TRE"
Arthur Leticia,Design Cibernetico,Joao Silva,2019,4.82,REPROVADO,2
Arthur Leticia,Design Colaborativo,Fernanda Lima,2018,1.5,REPROVADO,1
Arthur Leticia,Design Colaborativo,Fernanda Lima,2019,5.39,APROVADO,1
Arthur Leticia,Design Thinking,Joao Silva,2019,8.0,APROVADO POR MÉDIA,1
Arthur Leticia,Design de Aprendizado,Ana Costa,2019,5.12,APROVADO,2
Arthur Leticia,Design de Experiencia em Museus,Pedro Oliveira,2018,4.17,REPROVADO,2
Arthur Leticia,Design de Experiencia em Museus,Pedro Oliveira,2019,5.0,APROVADO,2
Arthur Leticia,Design de Interacao Cultural,Gustavo Martins,2019,5.0,APROVADO,2
Arthur Leticia,Design de Interacao Tangivel,Rafaela Gomes,2018,4.53,REPROVADO,2
Arthur Leticia,Design de Interfaces Neuromorficas,Marcos Ferreira,2018,8.25,APROVADO POR MÉDIA,2
Arthur Leticia,Design de Joias,Gustavo Martins,2019,5.63,APROVADO,1
Arthur Leticia,Design de Mobiliario,Fernanda Lima,2018,9.3,APROVADO POR MÉDIA,1
Arthur Leticia,Design de Narrativa Espacial,Ana Costa,2020,,REPROVADO POR FALTA,1
Arthur Leticia,Design de Produto,Carla Souza,2019,8.75,APROVADO POR MÉDIA,2
Arthur Leticia,Design de Tecnologia Vestivel (Wearable),Andre Almeida,2019,7.4,APROVADO POR MÉDIA,2
Arthur Leticia,Design de Visualizacao de Informacoes,Andre Almeida,2018,5.04,APROVADO,1
Arthur Leticia,Design para Longevidade,Marcos Ferreira,2018,2.35,REPROVADO,1
Arthur Leticia,Ergonomia,Pedro Oliveira,2018,8.75,APROVADO POR MÉDIA,2
Arthur Leticia,Gamificacao,Luiz Pereira,2019,7.75,APROVADO POR MÉDIA,1
Arthur Leticia,Identidade Visual,Joao Silva,2018,7.0,APROVADO POR MÉDIA,1
Arthur Leticia,Impressao 3D,Marcos Ferreira,2019,8.75,APROVADO POR MÉDIA,1
Arthur Leticia,Interacao Tangivel,Gustavo Martins,2018,8.5,APROVADO POR MÉDIA,2
Arthur Leticia,Manipulacao de Imagem,Diego Cardoso,2019,8.8,APROVADO POR MÉDIA,1
Arthur Leticia,Projeto Integrado,Fernanda Lima,2019,3.67,REPROVADO,2
Arthur Leticia,Prototipagem em Papel,Juliana Rodrigues,2019,5.0,APROVADO,2
Arthur Leticia,Storytelling Visual,Maria Santos,2018,7.5,APROVADO POR MÉDIA,1
Arthur Leticia,TRANCAMENTO,,2020,,,2
Arthur Leticia,Tipografia,Joao Silva,2020,,REPROVADO POR FALTA,1
Beatriz Pablo,Branding,,2010,7.59,APROVADO POR MÉDIA,1
Beatriz Pablo,Computacao Grafica,,2008,,REPROVADO POR FALTA,2
Beatriz Pablo,Computacao Grafica,,2009,9.25,APROVADO POR MÉDIA,2
Beatriz Pablo,Computacao Grafica,,2009,,REPROVADO POR FALTA,1
Beatriz Pablo,Comunicacao Visual,,2016,7.0,APROVADO POR MÉDIA,2
Beatriz Pablo,Cultura Visual,,2009,7.25,APROVADO POR MÉDIA,2
Beatriz Pablo,DESVINCULADO,,2019,,,2
Beatriz Pablo,DISCIPLINA,,ANO,NOTA FINAL,SITUAÇÃO CONCEITO,"SE
MES
TRE"
Beatriz Pablo,DISCIPLINA,,ANO,NOTA FINAL,SITUAÇÃO CONCEITO,"SE
MES
TRE"
Beatriz Pablo,Design Biomimetico,Carla Souza,2018,7.0,APROVADO POR MÉDIA,1
Beatriz Pablo,Design Biomimetico,,2014,,REPROVADO POR FALTA,2
Beatriz Pablo,Design Biomimetico,,2017,,RENOVAÇÃO DE ESTÁGIO,2
Beatriz Pablo,Design Biomimetico,,2017,,REPROVADO POR FALTA,1
Beatriz Pablo,Design Cenico,,2013,,REPROVADO POR FALTA,1
Beatriz Pablo,Design Cenico,,2014,,REPROVADO POR FALTA,2
Beatriz Pablo,Design Cenico,,2015,8.2,APROVADO POR MÉDIA,2
Beatriz Pablo,Design Cibernetico,,2012,,REPROVADO POR FALTA,2
Beatriz Pablo,Design Cibernetico,,2013,,REPROVADO POR FALTA,2
Beatriz Pablo,Design Cibernetico,,2014,,REPROVADO POR FALTA,1
Beatriz Pablo,Design Cibernetico,,2014,,REPROVADO POR FALTA,2
Beatriz Pablo,Design Cibernetico,,2015,7.75,APROVADO POR MÉDIA,1
Beatriz Pablo,Design Colaborativo,,2008,0.5,REPROVADO,2
Beatriz Pablo,Design Colaborativo,,2009,9.0,APROVADO POR MÉDIA,2
Beatriz Pablo,Design Colaborativo,,2009,,REPROVADO POR FALTA,1
Beatriz Pablo,Design Computacional,,2015,,REPROVADO POR FALTA,2
Beatriz Pablo,Design Computacional,,2016,8.05,APROVADO POR MÉDIA,1
Beatriz Pablo,Design Digital,,2012,9.2,APROVADO POR MÉDIA,1
Beatriz Pablo,Design Experimental,,2015,,REPROVADO POR FALTA,2
Beatriz Pablo,Design Experimental,,2016,,REPROVADO POR FALTA,1
Beatriz Pablo,Design Experimental,,2017,9.0,APROVADO POR MÉDIA,1
Beatriz Pablo,Design Parametrico,,2011,7.3,APROVADO POR MÉDIA,1
Beatriz Pablo,Design Sonoro,,2016,7.0,APROVADO POR MÉDIA,2
Beatriz Pablo,Design Thinking,,2010,,REPROVADO POR FALTA,2
Beatriz Pablo,Design Thinking,,2011,8.0,APROVADO POR MÉDIA,2
Beatriz Pablo,Design de Aprendizado,Ana Costa,2018,1.73,REPROVADO,2
Beatriz Pablo,Design de Aprendizado,,2010,,REPROVADO POR FALTA,1
Beatriz Pablo,Design de Aprendizado,,2011,,REPROVADO POR FALTA,2
Beatriz Pablo,Design de Aprendizado,,2013,,REPROVADO POR FALTA,2
Beatriz Pablo,Design de Aprendizado,,2015,,REPROVADO POR FALTA,2
Beatriz Pablo,Design de Aprendizado,,2017,,REPROVADO POR FALTA,2
Beatriz Pablo,Design de Apresentacoes,,2011,,REPROVADO POR FALTA,2
Beatriz Pablo,Design de Apresentacoes,,2012,,REPROVADO POR FALTA,2
Beatriz Pablo,Design de Apresentacoes,,2015,9.25,APROVADO POR MÉDIA,1
Beatriz Pablo,Design de Espacos Virtuais,,2012,,REPROVADO POR FALTA,2
Beatriz Pablo,Design de Espacos Virtuais,,2013,5.95,APROVADO,2
Beatriz Pablo,Design de Experiencia em Museus,,2010,4.25,REPROVADO,1
Beatriz Pablo,Design de Experiencia em Museus,,2010,7.07,APROVADO,2
Beatriz Pablo,Design de Impressao e Publicacao,,2016,,REPROVADO POR FALTA,2
Beatriz Pablo,Design de Impressao e Publicacao,,2017,8.95,APROVADO POR MÉDIA,1
Beatriz Pablo,Design de Interacao Corporal,,2012,5.5,APROVADO,1
Beatriz Pablo,Design de Interacao Cultural,,2012,,REPROVADO POR FALTA,1
Beatriz Pablo,Design de Interacao Cultural,,2013,,REPROVADO POR FALTA,1
Beatriz Pablo,Design de Interacao Cultural,,2014,,REPROVADO POR FALTA,1
Beatriz Pablo,Design de Interacao Cultural,,2016,,REPROVADO POR FALTA,2
Beatriz Pablo,Design de Interacao Cultural,,2017,7.0,APROVADO POR MÉDIA,2
Beatriz Pablo,Design de Interacao Tangivel,,2013,,REPROVADO POR FALTA,2
Beatriz Pablo,Design de Interacao Tangivel,,2015,7.0,APROVADO POR MÉDIA,1
Beatriz Pablo,Design de Interacao em Tempo Real,,2010,5.0,APROVADO,2
Beatriz Pablo,Design de Interfaces Neuromorficas,,2010,5.97,APROVADO,1
Beatriz Pablo,Design de Joias,,2010,8.1,APROVADO POR MÉDIA,1
Beatriz Pablo,Design de Mobiliario,,2008,7.0,APROVADO POR MÉDIA,2
Beatriz Pablo,Design de Moda,,2015,8.5,APROVADO POR MÉDIA,2
Beatriz Pablo,Design de Moda,,2015,,REPROVADO POR FALTA,1
Beatriz Pablo,Design de Narrativa Espacial,,2012,,REPROVADO POR FALTA,1
Beatriz Pablo,Design de Narrativa Espacial,,2012,,REPROVADO POR FALTA,2
Beatriz Pablo,Design de Narrativa Espacial,,2014,8.25,APROVADO POR MÉDIA,2
Beatriz Pablo,Design de Produto,,2011,8.75,APROVADO POR MÉDIA,2
Beatriz Pablo,Design de Realidade Aumentada (AR) e Virtual (VR),,2010,7.75,APROVADO POR MÉDIA,2
Beatriz Pablo,Design de Redes Sociais,,2016,7.0,APROVADO POR MÉDIA,2
Beatriz Pablo,Design de Tecnologia Vestivel (Wearable),,2010,7.75,APROVADO POR MÉDIA,1
Beatriz Pablo,Design de Visualizacao de Informacoes,,2008,2.75,REPROVADO,2
Beatriz Pablo,Design de Visualizacao de Informacoes,,2009,5.5,APROVADO,1
Beatriz Pablo,Design para Longevidade,,2008,5.0,APROVADO,2
Beatriz Pablo,ESTATÍSTICA,,2012,,REPROVADO POR FALTA,2
Beatriz Pablo,Ecodesign,,2010,8.65,APROVADO POR MÉDIA,2
Beatriz Pablo,Ergonomia,,2009,,REPROVADO POR FALTA,1
Beatriz Pablo,Ergonomia,,2010,9.0,APROVADO POR MÉDIA,1
Beatriz Pablo,Etica em Design,,2012,7.0,APROVADO POR MÉDIA,1
Beatriz Pablo,Fotografia,,2017,7.0,APROVADO POR MÉDIA,1
Beatriz Pablo,Gamificacao,,2009,7.5,APROVADO POR MÉDIA,2
Beatriz Pablo,Gestao de Marcas,,2014,3.5,REPROVADO,2
Beatriz Pablo,Gestao de Marcas,,2014,,REPROVADO POR FALTA,1
Beatriz Pablo,Gestao de Marcas,,2015,,REPROVADO POR FALTA,1
Beatriz Pablo,Gestao de Marcas,,2015,,REPROVADO POR FALTA,2
Beatriz Pablo,Gestao de Marcas,,2016,5.88,APROVADO,1
Beatriz Pablo,Identidade Visual,,2008,,REPROVADO POR FALTA,2
Beatriz Pablo,Identidade Visual,,2009,8.1,APROVADO POR MÉDIA,2
Beatriz Pablo,Identidade Visual,,2009,,REPROVADO POR FALTA,1
Beatriz Pablo,Impressao 3D,,2010,,REPROVADO POR FALTA,2
Beatriz Pablo,Impressao 3D,,2011,8.0,APROVADO POR MÉDIA,1
Beatriz Pablo,Interacao Tangivel,,2010,,APROVADO POR FREQÜÊNCIA,2
Beatriz Pablo,Manipulacao de Imagem,,2010,,REPROVADO POR FALTA,2
Beatriz Pablo,Manipulacao de Imagem,,2011,,REPROVADO POR FALTA,1
Beatriz Pablo,Manipulacao de Imagem,,2012,,REPROVADO POR FALTA,2
Beatriz Pablo,Manipulacao de Imagem,,2013,5.7,APROVADO,2
Beatriz Pablo,Marketing de Produto,,2011,,REPROVADO POR FALTA,1
Beatriz Pablo,Marketing de Produto,,2011,,REPROVADO POR FALTA,2
Beatriz Pablo,Marketing de Produto,,2012,,REPROVADO POR FALTA,1
Beatriz Pablo,Marketing de Produto,,2013,9.0,APROVADO POR MÉDIA,2
Beatriz Pablo,Marketing de Produto,,2013,,REPROVADO POR FALTA,1
Beatriz Pablo,Projeto Integrado,,2010,2.42,REPROVADO,1
Beatriz Pablo,Projeto Integrado,,2010,5.22,APROVADO,2
Beatriz Pablo,Prototipagem em Papel,,2011,7.5,APROVADO POR MÉDIA,2
Beatriz Pablo,SemiÃ³tica,,2013,,REPROVADO POR FALTA,2
Beatriz Pablo,SemiÃ³tica,,2014,,REPROVADO POR FALTA,2
Beatriz Pablo,SemiÃ³tica,,2015,8.0,APROVADO POR MÉDIA,2
Beatriz Pablo,Storytelling Visual,,2008,5.25,APROVADO,2
Beatriz Pablo,Tecnicas de Iluminacao,Gustavo Martins,2018,,REPROVADO POR FALTA,2
Beatriz Pablo,Tecnicas de Iluminacao,Gustavo Martins,2019,,REPROVADO POR FALTA,1
Beatriz Pablo,Tecnicas de Iluminacao,,2017,,REPROVADO POR FALTA,2
Beatriz Pablo,Teoria da Cor,,2013,,REPROVADO POR FALTA,1
Beatriz Pablo,Teoria da Cor,,2013,,REPROVADO POR FALTA,2
Beatriz Pablo,Teoria da Cor,,2014,,REPROVADO POR FALTA,1
Beatriz Pablo,Teoria da Cor,,2015,5.88,APROVADO,1
Beatriz Pablo,Teoria do Design,,2017,9.0,APROVADO POR MÉDIA,1
Beatriz Pablo,Tipografia,,2011,4.1,REPROVADO,1
Beatriz Pablo,Tipografia,,2012,,REPROVADO POR FALTA,2
Beatriz Pablo,Tipografia,,2013,,REPROVADO POR FALTA,1
Beatriz Pablo,Tipografia,,2013,,REPROVADO POR FALTA,2
Beatriz Pablo,Tipografia,,2017,5.63,APROVADO,1
Cecilia Renan,Branding,,2011,8.75,APROVADO POR MÉDIA,2
Cecilia Renan,Computacao Grafica,,2010,9.25,APROVADO POR MÉDIA,2
Cecilia Renan,Comunicacao Visual,,2013,10.0,APROVADO POR MÉDIA,2
Cecilia Renan,Cultura Visual,,2011,7.75,APROVADO,2
Cecilia Renan,DISCIPLINA,,ANO,NOTA FINAL,SITUAÇÃO CONCEITO,"SE
MES
TRE"
Cecilia Renan,Design Biofilico,,2013,8.5,APROVADO POR MÉDIA,2
Cecilia Renan,Design Biomimetico,,2014,9.0,APROVADO POR MÉDIA,1
Cecilia Renan,Design Cenico,,2013,8.7,APROVADO POR MÉDIA,1
Cecilia Renan,Design Cibernetico,,2012,8.5,APROVADO POR MÉDIA,1
Cecilia Renan,Design Colaborativo,,2010,8.05,APROVADO POR MÉDIA,2
Cecilia Renan,Design Computacional,,2012,7.25,APROVADO POR MÉDIA,2
Cecilia Renan,Design Digital,,2012,8.8,APROVADO POR MÉDIA,2
Cecilia Renan,Design Experimental,,2012,9.15,APROVADO POR MÉDIA,2
Cecilia Renan,Design Parametrico,,2012,7.85,APROVADO POR MÉDIA,2
Cecilia Renan,Design Thinking,,2012,8.0,APROVADO POR MÉDIA,2
Cecilia Renan,Design de Aprendizado,,2011,7.5,APROVADO POR MÉDIA,1
Cecilia Renan,Design de Apresentacoes,,2012,8.25,APROVADO POR MÉDIA,1
Cecilia Renan,Design de Espacos Virtuais,,2012,8.3,APROVADO POR MÉDIA,2
Cecilia Renan,Design de Experiencia em Museus,,2011,10.0,APROVADO POR MÉDIA,1
Cecilia Renan,Design de Impressao e Publicacao,,2013,9.0,APROVADO POR MÉDIA,2
Cecilia Renan,Design de Interacao Corporal,,2012,9.0,APROVADO POR MÉDIA,2
Cecilia Renan,Design de Interacao Cultural,,2012,9.25,APROVADO POR MÉDIA,1
Cecilia Renan,Design de Interacao Social,,2013,7.23,APROVADO POR MÉDIA,1
Cecilia Renan,Design de Interacao Tangivel,,2013,10.0,APROVADO POR MÉDIA,1
Cecilia Renan,Design de Interacao em Tempo Real,,2012,9.5,APROVADO POR MÉDIA,1
Cecilia Renan,Design de Interfaces Neuromorficas,,2011,7.0,APROVADO POR MÉDIA,1
Cecilia Renan,Design de Joias,,2011,9.0,APROVADO POR MÉDIA,2
Cecilia Renan,Design de Mobiliario,,2010,,APROVADO POR FREQÜÊNCIA,2
Cecilia Renan,Design de Moda,,2013,9.4,APROVADO POR MÉDIA,2
Cecilia Renan,Design de Narrativa Espacial,,2012,8.5,APROVADO POR MÉDIA,2
Cecilia Renan,Design de Produto,,2012,8.25,APROVADO POR MÉDIA,1
Cecilia Renan,Design de Realidade Aumentada (AR) e Virtual (VR),,2012,8.2,APROVADO POR MÉDIA,1
Cecilia Renan,Design de Redes Sociais,,2013,7.0,APROVADO POR MÉDIA,2
Cecilia Renan,Design de Tecnologia Vestivel (Wearable),,2011,7.95,APROVADO POR MÉDIA,1
Cecilia Renan,Design de Visualizacao de Informacoes,,2010,9.25,APROVADO POR MÉDIA,2
Cecilia Renan,Design para Longevidade,,2010,9.5,APROVADO POR MÉDIA,2
Cecilia Renan,Ecodesign,,2012,8.0,APROVADO POR MÉDIA,1
Cecilia Renan,Ergonomia,,2011,8.75,APROVADO POR MÉDIA,1
Cecilia Renan,Etica em Design,,2012,8.5,APROVADO POR MÉDIA,2
Cecilia Renan,FORMADO,,2014,,,2
Cecilia Renan,Gamificacao,,2011,10.0,APROVADO POR MÉDIA,2
Cecilia Renan,Gestao de Marcas,,2013,8.2,APROVADO POR MÉDIA,1
Cecilia Renan,INTEGRALIZADO,,2014,,,1
Cecilia Renan,Identidade Visual,,2010,8.0,APROVADO POR MÉDIA,2
Cecilia Renan,Impressao 3D,,2011,7.25,APROVADO POR MÉDIA,2
Cecilia Renan,Interacao Tangivel,,2011,9.0,APROVADO POR MÉDIA,2
Cecilia Renan,Manipulacao de Imagem,,2011,7.4,APROVADO POR MÉDIA,2
Cecilia Renan,Marketing de Produto,,2011,7.0,APROVADO POR MÉDIA,2
Cecilia Renan,Projeto Integrado,,2011,7.6,APROVADO POR MÉDIA,1
Cecilia Renan,Prototipagem em Papel,,2012,8.88,APROVADO POR MÉDIA,1
Cecilia Renan,SemiÃ³tica,,2013,9.5,APROVADO POR MÉDIA,1
Cecilia Renan,Storytelling Visual,,2010,7.0,APROVADO POR MÉDIA,2
Cecilia Renan,Tecnicas de Iluminacao,,2014,8.5,APROVADO POR MÉDIA,1
Cecilia Renan,Teoria da Cor,,2013,8.5,APROVADO POR MÉDIA,1
Cecilia Renan,Teoria do Design,,2013,4.4,REPROVADO,1
Cecilia Renan,Teoria do Design,,2013,8.75,APROVADO POR MÉDIA,2
Cecilia Renan,Tipografia,,2011,7.0,APROVADO POR MÉDIA,2
Diego Leticia,Branding,Rafaela Gomes,2018,,REPROVADO POR FALTA,1
Diego Leticia,Computacao Grafica,Marcos Ferreira,2018,,REPROVADO POR FALTA,1
Diego Leticia,Computacao Grafica,Marcos Ferreira,2019,,REPROVADO POR FALTA,1
Diego Leticia,Computacao Grafica,,2014,4.13,REPROVADO,1
Diego Leticia,Computacao Grafica,,2015,,REPROVADO POR FALTA,1
Diego Leticia,Computacao Grafica,,2016,,REPROVADO POR FALTA,1
Diego Leticia,Computacao Grafica,,2017,,REPROVADO POR FALTA,1
Diego Leticia,Cultura Visual,,2016,,REPROVADO POR FALTA,2
Diego Leticia,DESVINCULADO,,2019,,,2
Diego Leticia,DISCIPLINA,,ANO,NOTA FINAL,SITUAÇÃO CONCEITO,"SE
MES
TRE"
Diego Leticia,Design Colaborativo,Fernanda Lima,2018,,REPROVADO POR FALTA,1
Diego Leticia,Design Colaborativo,Fernanda Lima,2019,,REPROVADO POR FALTA,1
Diego Leticia,Design Colaborativo,,2014,0.8,REPROVADO,1
Diego Leticia,Design Colaborativo,,2014,1.5,REPROVADO,2
Diego Leticia,Design Colaborativo,,2015,,REPROVADO POR FALTA,1
Diego Leticia,Design Colaborativo,,2016,,REPROVADO POR FALTA,1
Diego Leticia,Design Colaborativo,,2017,,REPROVADO POR FALTA,1
Diego Leticia,Design Thinking,Joao Silva,2019,,REPROVADO POR FALTA,1
Diego Leticia,Design Thinking,,2015,,REPROVADO POR FALTA,2
Diego Leticia,Design Thinking,,2016,,REPROVADO POR FALTA,1
Diego Leticia,Design de Apresentacoes,,2016,,REPROVADO POR FALTA,2
Diego Leticia,Design de Experiencia em Museus,Pedro Oliveira,2018,,REPROVADO POR FALTA,2
Diego Leticia,Design de Experiencia em Museus,,2014,,REPROVADO POR FALTA,2
Diego Leticia,Design de Experiencia em Museus,,2015,,REPROVADO POR FALTA,2
Diego Leticia,Design de Experiencia em Museus,,2016,,REPROVADO POR FALTA,2
Diego Leticia,Design de Experiencia em Museus,,2017,,REPROVADO POR FALTA,2
Diego Leticia,Design de Interacao Tangivel,Rafaela Gomes,2018,,REPROVADO POR FALTA,2
Diego Leticia,Design de Interacao Tangivel,,2017,,REPROVADO POR FALTA,2
Diego Leticia,Design de Interfaces Neuromorficas,Marcos Ferreira,2018,,REPROVADO POR FALTA,2
Diego Leticia,Design de Interfaces Neuromorficas,,2014,,REPROVADO POR FALTA,2
Diego Leticia,Design de Interfaces Neuromorficas,,2015,,REPROVADO POR FALTA,2
Diego Leticia,Design de Interfaces Neuromorficas,,2016,,REPROVADO POR FALTA,2
Diego Leticia,Design de Interfaces Neuromorficas,,2017,,REPROVADO POR FALTA,2
Diego Leticia,Design de Joias,Gustavo Martins,2019,,REPROVADO POR FALTA,1
Diego Leticia,Design de Joias,,2015,,REPROVADO POR FALTA,1
Diego Leticia,Design de Joias,,2016,,REPROVADO POR FALTA,1
Diego Leticia,Design de Joias,,2018,,REPROVADO POR FALTA,1
Diego Leticia,Design de Mobiliario,,2014,,APROVADO POR FREQÜÊNCIA,1
Diego Leticia,Design de Visualizacao de Informacoes,,2014,7.5,APROVADO POR MÉDIA,1
Diego Leticia,Design para Longevidade,Marcos Ferreira,2018,,REPROVADO POR FALTA,1
Diego Leticia,Design para Longevidade,Marcos Ferreira,2019,,REPROVADO POR FALTA,1
Diego Leticia,Design para Longevidade,,2014,,REPROVADO POR FALTA,1
Diego Leticia,Design para Longevidade,,2015,,REPROVADO POR FALTA,1
Diego Leticia,Design para Longevidade,,2016,,REPROVADO POR FALTA,1
Diego Leticia,Ergonomia,,2014,,REPROVADO POR FALTA,2
Diego Leticia,Ergonomia,,2015,,REPROVADO POR FALTA,2
Diego Leticia,Ergonomia,,2016,8.25,APROVADO POR MÉDIA,2
Diego Leticia,Gamificacao,,2015,4.1,REPROVADO,1
Diego Leticia,Gamificacao,,2016,,REPROVADO POR FALTA,1
Diego Leticia,Gamificacao,,2017,,REPROVADO POR FALTA,1
Diego Leticia,Identidade Visual,,2014,5.63,APROVADO,1
Diego Leticia,Interacao Tangivel,Gustavo Martins,2018,,REPROVADO POR FALTA,2
Diego Leticia,SemiÃ³tica,,2017,,REPROVADO POR FALTA,2
Diego Leticia,Storytelling Visual,,2014,5.88,APROVADO,1
Diego Leticia,Teoria do Design,,2017,,REPROVADO POR FALTA,2
Diego Leticia,,-----------,,,,
Elisa Manuela,Computacao Grafica,,2015,7.0,APROVADO POR MÉDIA,1
Elisa Manuela,Cultura Visual,,2015,9.25,APROVADO POR MÉDIA,2
Elisa Manuela,DESVINCULADO,,2017,,,1
Elisa Manuela,Design Colaborativo,,2015,,REPROVADO POR FALTA,1
Elisa Manuela,Design Colaborativo,,2016,,REPROVADO POR FALTA,1
Elisa Manuela,Design Sonoro,,2016,7.25,APROVADO POR MÉDIA,2
Elisa Manuela,Design de Interacao Tangivel,,2016,,REPROVADO POR FALTA,2
Elisa Manuela,Design de Mobiliario,,2015,,APROVADO POR FREQÜÊNCIA,1
Elisa Manuela,Design de Visualizacao de Informacoes,,2015,,REPROVADO POR FALTA,1
Elisa Manuela,Design de Visualizacao de Informacoes,,2016,,REPROVADO POR FALTA,1
Elisa Manuela,Design para Longevidade,,2015,,REPROVADO POR FALTA,1
Elisa Manuela,Design para Longevidade,,2016,,REPROVADO POR FALTA,1
Elisa Manuela,Ergonomia,,2016,8.5,APROVADO POR MÉDIA,2
Elisa Manuela,Gamificacao,,2016,8.5,APROVADO POR MÉDIA,1
Elisa Manuela,Identidade Visual,,2015,3.0,REPROVADO,1
Elisa Manuela,Identidade Visual,,2016,10.0,APROVADO POR MÉDIA,1
Elisa Manuela,Interacao Tangivel,,2016,7.0,APROVADO POR MÉDIA,2
Elisa Manuela,REINTEGRAÇÃO,,2019,,,2
Elisa Manuela,Storytelling Visual,,2015,3.6,REPROVADO,1
Elisa Manuela,Storytelling Visual,,2016,,REPROVADO POR FALTA,1
Elisa Valentina,Branding,,2009,8.6,APROVADO POR MÉDIA,1
Elisa Valentina,Computacao Grafica,,2008,8.0,APROVADO POR MÉDIA,1
Elisa Valentina,Comunicacao Visual,,2011,8.25,APROVADO POR MÉDIA,1
Elisa Valentina,Cultura Visual,,2009,7.63,APROVADO,1
Elisa Valentina,DESVINCULADO,,2010,,,1
Elisa Valentina,DISCIPLINA,,ANO,NOTA FINAL,SITUAÇÃO CONCEITO,"SE
MES
TRE"
Elisa Valentina,Design Biofilico,,2011,6.03,APROVADO,1
Elisa Valentina,Design Biomimetico,,2011,7.5,APROVADO POR MÉDIA,1
Elisa Valentina,Design Cenico,,2010,9.0,APROVADO POR MÉDIA,2
Elisa Valentina,Design Cibernetico,,2010,8.3,APROVADO POR MÉDIA,1
Elisa Valentina,Design Colaborativo,,2008,6.13,APROVADO,1
Elisa Valentina,Design Colaborativo,,2009,,REPROVADO POR FALTA,2
Elisa Valentina,Design Computacional,,2010,5.22,APROVADO,2
Elisa Valentina,Design Digital,,2010,8.5,APROVADO POR MÉDIA,2
Elisa Valentina,Design Experimental,,2010,7.25,APROVADO POR MÉDIA,1
Elisa Valentina,Design Parametrico,,2010,4.77,REPROVADO,1
Elisa Valentina,Design Parametrico,,2011,8.1,APROVADO POR MÉDIA,2
Elisa Valentina,Design Thinking,,2008,5.88,APROVADO,2
Elisa Valentina,Design de Aprendizado,,2008,7.0,APROVADO POR MÉDIA,2
Elisa Valentina,Design de Apresentacoes,,2009,7.5,APROVADO POR MÉDIA,2
Elisa Valentina,Design de Espacos Virtuais,,2009,7.0,APROVADO POR MÉDIA,2
Elisa Valentina,Design de Experiencia em Museus,,2009,6.13,APROVADO,1
Elisa Valentina,Design de Interacao Corporal,,2010,9.0,APROVADO POR MÉDIA,2
Elisa Valentina,Design de Interacao Cultural,,2010,5.63,APROVADO,1
Elisa Valentina,Design de Interacao Tangivel,,2011,9.0,APROVADO POR MÉDIA,2
Elisa Valentina,Design de Interacao em Tempo Real,,2009,7.5,APROVADO POR MÉDIA,2
Elisa Valentina,Design de Interfaces Neuromorficas,,2009,6.68,APROVADO,1
Elisa Valentina,Design de Joias,,2009,7.6,APROVADO POR MÉDIA,1
Elisa Valentina,Design de Mobiliario,,2008,8.5,APROVADO POR MÉDIA,1
Elisa Valentina,Design de Mobiliario,,2009,,REPROVADO POR FALTA,2
Elisa Valentina,Design de Narrativa Espacial,,2010,7.0,APROVADO POR MÉDIA,2
Elisa Valentina,Design de Produto,,2009,8.25,APROVADO POR MÉDIA,2
Elisa Valentina,Design de Realidade Aumentada (AR) e Virtual (VR),,2009,8.0,APROVADO POR MÉDIA,2
Elisa Valentina,Design de Realidade Hibrida,,2010,9.75,APROVADO POR MÉDIA,2
Elisa Valentina,Design de Redes Sociais,,2011,8.75,APROVADO POR MÉDIA,1
Elisa Valentina,Design de Tecnologia Vestivel (Wearable),,2008,9.15,APROVADO POR MÉDIA,2
Elisa Valentina,Design de Visualizacao de Informacoes,,2008,4.5,REPROVADO,1
Elisa Valentina,Design de Visualizacao de Informacoes,,2008,8.75,APROVADO POR MÉDIA,2
Elisa Valentina,Design de Visualizacao de Informacoes,,2009,,REPROVADO POR FALTA,2
Elisa Valentina,Design para Longevidade,,2008,7.25,APROVADO POR MÉDIA,1
Elisa Valentina,Design para Longevidade,,2009,,REPROVADO POR FALTA,2
Elisa Valentina,Ecodesign,,2010,7.0,APROVADO POR MÉDIA,1
Elisa Valentina,Ergonomia,,2009,6.36,APROVADO,1
Elisa Valentina,Etica em Design,,2010,7.0,APROVADO POR MÉDIA,2
Elisa Valentina,FORMADO,,2011,,,2
Elisa Valentina,Fotografia,,2011,8.0,APROVADO POR MÉDIA,2
Elisa Valentina,Gamificacao,,2009,8.5,APROVADO POR MÉDIA,1
Elisa Valentina,Gestao de Marcas,,2010,8.5,APROVADO POR MÉDIA,2
Elisa Valentina,INTEGRALIZADO,,2011,,,2
Elisa Valentina,Identidade Visual,,2008,7.75,APROVADO POR MÉDIA,1
Elisa Valentina,Identidade Visual,,2009,,REPROVADO POR FALTA,2
Elisa Valentina,Impressao 3D,,2009,5.38,APROVADO,2
Elisa Valentina,Interacao Tangivel,,2008,,APROVADO POR FREQÜÊNCIA,2
Elisa Valentina,Manipulacao de Imagem,,2009,7.5,APROVADO POR MÉDIA,2
Elisa Valentina,Marketing de Produto,,2009,8.25,APROVADO POR MÉDIA,2
Elisa Valentina,Materiais e Processos,,2011,7.2,APROVADO POR MÉDIA,1
Elisa Valentina,Projeto Integrado,,2008,2.0,REPROVADO,2
Elisa Valentina,Projeto Integrado,,2009,5.7,APROVADO,1
Elisa Valentina,Prototipagem em Papel,,2010,7.25,APROVADO POR MÉDIA,1
Elisa Valentina,SemiÃ³tica,,2011,7.65,APROVADO POR MÉDIA,2
Elisa Valentina,Storytelling Visual,,2008,7.0,APROVADO POR MÉDIA,1
Elisa Valentina,Tecnicas de Iluminacao,,2011,9.0,APROVADO POR MÉDIA,2
Elisa Valentina,Tecnicas de Iluminacao,,2011,,REPROVADO POR FALTA,1
Elisa Valentina,Teoria da Cor,,2011,7.75,APROVADO POR MÉDIA,1
Elisa Valentina,Teoria do Design,,2011,5.0,APROVADO,1
Elisa Valentina,Tipografia,,2009,7.5,APROVADO POR MÉDIA,2
Enzo Bruno,Branding,,2017,7.5,APROVADO POR MÉDIA,1
Enzo Bruno,Computacao Grafica,,2016,7.75,APROVADO POR MÉDIA,1
Enzo Bruno,Comunicacao Visual,Luiz Pereira,2020,10.0,APROVADO POR MÉDIA,3
Enzo Bruno,Cultura Visual,,2016,7.0,APROVADO POR MÉDIA,2
Enzo Bruno,DISCIPLINA,,ANO,NOTA FINAL,SITUAÇÃO CONCEITO,"SE
MES
TRE"
Enzo Bruno,Design Biomimetico,Carla Souza,2018,9.0,APROVADO POR MÉDIA,2
Enzo Bruno,Design Cenico,Ana Costa,2019,7.34,APROVADO POR MÉDIA,2
Enzo Bruno,Design Cibernetico,Joao Silva,2020,6.35,APROVADO,2
Enzo Bruno,Design Colaborativo,,2016,7.25,APROVADO POR MÉDIA,1
Enzo Bruno,Design Computacional,Maria Santos,2021,7.0,APROVADO POR MÉDIA,1
Enzo Bruno,Design Digital,Patricia Nunes,2020,8.25,APROVADO POR MÉDIA,2
Enzo Bruno,Design Experimental,Rafaela Gomes,2020,7.1,APROVADO POR MÉDIA,3
Enzo Bruno,Design Parametrico,Juliana Rodrigues,2018,5.73,APROVADO,1
Enzo Bruno,Design Sonoro,Patricia Nunes,2019,7.0,APROVADO POR MÉDIA,1
Enzo Bruno,Design Thinking,,2017,7.0,APROVADO POR MÉDIA,1
Enzo Bruno,Design de Aprendizado,Ana Costa,2018,3.15,REPROVADO,2
Enzo Bruno,Design de Aprendizado,Ana Costa,2020,5.11,APROVADO,2
Enzo Bruno,Design de Aprendizado,,2016,,REPROVADO POR FALTA,2
Enzo Bruno,Design de Apresentacoes,Diego Cardoso,2019,8.75,APROVADO POR MÉDIA,1
Enzo Bruno,Design de Espacos Virtuais,Pedro Oliveira,2019,8.1,APROVADO POR MÉDIA,1
Enzo Bruno,Design de Experiencia em Museus,Pedro Oliveira,2018,4.82,REPROVADO,2
Enzo Bruno,Design de Experiencia em Museus,Pedro Oliveira,2019,7.43,APROVADO POR MÉDIA,2
Enzo Bruno,Design de Experiencia em Museus,,2017,4.55,REPROVADO,2
Enzo Bruno,Design de Impacto Social,Rafaela Gomes,2020,10.0,APROVADO POR MÉDIA,1
Enzo Bruno,Design de Impressao e Publicacao,Gustavo Martins,2019,7.15,APROVADO POR MÉDIA,1
Enzo Bruno,Design de Interacao Corporal,Fernanda Lima,2021,8.5,APROVADO POR MÉDIA,1
Enzo Bruno,Design de Interacao Cultural,Gustavo Martins,2020,7.75,APROVADO POR MÉDIA,1
Enzo Bruno,Design de Interacao Social,Ana Costa,2020,9.0,APROVADO POR MÉDIA,1
Enzo Bruno,Design de Interacao Tangivel,,2017,8.25,APROVADO POR MÉDIA,2
Enzo Bruno,Design de Interacao em Tempo Real,,2017,8.0,APROVADO POR MÉDIA,2
Enzo Bruno,Design de Interfaces Neuromorficas,,2017,7.5,APROVADO POR MÉDIA,2
Enzo Bruno,Design de Joias,,2017,6.57,APROVADO,1
Enzo Bruno,Design de Mobiliario,,2016,7.0,APROVADO POR MÉDIA,1
Enzo Bruno,Design de Narrativa Espacial,,2020,,DISPENSADO,1
Enzo Bruno,Design de Produto,,2017,7.0,APROVADO POR MÉDIA,2
Enzo Bruno,Design de Realidade Aumentada (AR) e Virtual (VR),Juliana Rodrigues,2018,7.0,APROVADO POR MÉDIA,2
Enzo Bruno,Design de Redes Sociais,Larissa Vieira,2020,9.33,APROVADO POR MÉDIA,1
Enzo Bruno,Design de Tecnologia Vestivel (Wearable),,2016,6.7,APROVADO,2
Enzo Bruno,Design de Visualizacao de Informacoes,,2016,,REPROVADO POR FALTA,1
Enzo Bruno,Design de Visualizacao de Informacoes,,2017,8.0,APROVADO POR MÉDIA,1
Enzo Bruno,Design para Longevidade,Marcos Ferreira,2018,5.5,APROVADO,1
Enzo Bruno,Design para Longevidade,,2016,1.5,REPROVADO,2
Enzo Bruno,Design para Longevidade,,2016,,REPROVADO POR FALTA,1
Enzo Bruno,Design para Longevidade,,2017,4.63,REPROVADO,1
Enzo Bruno,Ecodesign,,2017,6.93,APROVADO,2
Enzo Bruno,Ergonomia,,2016,8.25,APROVADO POR MÉDIA,2
Enzo Bruno,Etica em Design,Juliana Rodrigues,2018,7.75,APROVADO POR MÉDIA,2
Enzo Bruno,FORMADO,,2021,,,1
Enzo Bruno,Gamificacao,,2017,7.0,APROVADO POR MÉDIA,1
Enzo Bruno,Gestao de Marcas,Maria Santos,2019,6.07,APROVADO,2
Enzo Bruno,INTEGRALIZADO,,2021,,,1
Enzo Bruno,Identidade Visual,,2016,10.0,APROVADO POR MÉDIA,1
Enzo Bruno,Impressao 3D,Marcos Ferreira,2018,,REPROVADO POR FALTA,1
Enzo Bruno,Impressao 3D,Marcos Ferreira,2019,,REPROVADO POR FALTA,1
Enzo Bruno,Impressao 3D,Marcos Ferreira,2020,7.5,APROVADO POR MÉDIA,3
Enzo Bruno,Interacao Tangivel,Gustavo Martins,2018,8.5,APROVADO POR MÉDIA,2
Enzo Bruno,Manipulacao de Imagem,,2018,,REPROVADO POR FALTA,1
Enzo Bruno,Manipulacao de Imagem,,2019,7.53,APROVADO POR MÉDIA,1
Enzo Bruno,Marketing de Produto,Carla Souza,2018,6.11,APROVADO,1
Enzo Bruno,Projeto Integrado,,2016,2.0,REPROVADO,2
Enzo Bruno,Projeto Integrado,,2017,5.0,APROVADO,2
Enzo Bruno,Prototipagem em Papel,Juliana Rodrigues,2020,8.5,APROVADO POR MÉDIA,2
Enzo Bruno,SemiÃ³tica,Luiz Pereira,2019,8.0,APROVADO POR MÉDIA,2
Enzo Bruno,Storytelling Visual,,2016,5.63,APROVADO,1
Enzo Bruno,Tecnicas de Iluminacao,Gustavo Martins,2021,8.5,APROVADO POR MÉDIA,1
Enzo Bruno,Teoria da Cor,Ana Costa,2021,7.0,APROVADO POR MÉDIA,1
Enzo Bruno,Teoria do Design,Marcos Ferreira,2018,7.88,APROVADO POR MÉDIA,2
Enzo Bruno,Tipografia,Joao Silva,2020,7.35,APROVADO POR MÉDIA,3
Enzo Bruno,,-----------,,,,
Evelyn Bruna,Computacao Grafica,Marcos Ferreira,2018,,REPROVADO POR FALTA,1
Evelyn Bruna,Computacao Grafica,,2017,,REPROVADO POR FALTA,1
Evelyn Bruna,Cultura Visual,,2017,,REPROVADO POR FALTA,2
Evelyn Bruna,DESVINCULADO,,2018,,,2
Evelyn Bruna,DESVINCULADO,,2019,,,2
Evelyn Bruna,Design Colaborativo,,2017,,REPROVADO POR FALTA,1
Evelyn Bruna,Design de Joias,Gustavo Martins,2018,,REPROVADO POR FALTA,1
Evelyn Bruna,Design de Mobiliario,Fernanda Lima,2018,,REPROVADO POR FALTA,1
Evelyn Bruna,Design de Mobiliario,Fernanda Lima,2019,,REPROVADO POR FALTA,1
Evelyn Bruna,Design de Mobiliario,,2017,,REPROVADO POR FALTA,1
Evelyn Bruna,Design de Visualizacao de Informacoes,Andre Almeida,2018,,REPROVADO POR FALTA,1
Evelyn Bruna,Design de Visualizacao de Informacoes,Andre Almeida,2019,,REPROVADO POR FALTA,1
Evelyn Bruna,Design de Visualizacao de Informacoes,,2017,,REPROVADO POR FALTA,1
Evelyn Bruna,Design para Longevidade,,2017,,REPROVADO POR FALTA,1
Evelyn Bruna,Ergonomia,,2017,8.25,APROVADO POR MÉDIA,2
Evelyn Bruna,Gamificacao,Luiz Pereira,2018,,REPROVADO POR FALTA,1
Evelyn Bruna,Identidade Visual,Joao Silva,2019,,REPROVADO POR FALTA,1
Evelyn Bruna,Identidade Visual,,2017,,REPROVADO POR FALTA,1
Evelyn Bruna,Interacao Tangivel,,2017,8.6,APROVADO POR MÉDIA,2
Evelyn Bruna,REINTEGRAÇÃO,,2019,,,1
Evelyn Bruna,Storytelling Visual,,2017,,REPROVADO POR FALTA,1
Evelyn Leticia,Branding,,2010,,REPROVADO POR FALTA,1
Evelyn Leticia,Branding,,2010,,REPROVADO POR FALTA,2
Evelyn Leticia,Computacao Grafica,,2009,6.38,APROVADO,2
Evelyn Leticia,Cultura Visual,,2010,,REPROVADO POR FALTA,1
Evelyn Leticia,DESVINCULADO,,2011,,,1
Evelyn Leticia,Design Colaborativo,,2009,,REPROVADO POR FALTA,2
Evelyn Leticia,Design de Joias,,2010,,REPROVADO POR FALTA,2
Evelyn Leticia,Design de Mobiliario,,2009,,APROVADO POR FREQÜÊNCIA,2
Evelyn Leticia,Design de Visualizacao de Informacoes,,2009,4.38,REPROVADO,2
Evelyn Leticia,Design de Visualizacao de Informacoes,,2010,,REPROVADO POR FALTA,2
Evelyn Leticia,Design para Longevidade,,2009,3.5,REPROVADO,2
Evelyn Leticia,Ergonomia,,2010,,REPROVADO POR FALTA,1
Evelyn Leticia,Gamificacao,,2010,,REPROVADO POR FALTA,2
Evelyn Leticia,Identidade Visual,,2009,7.1,APROVADO POR MÉDIA,2
Evelyn Leticia,Storytelling Visual,,2009,5.5,APROVADO,2
Fernanda Vitor,Design Editorial,Gustavo Martins,2023,,REPROVADO POR FALTA,1
Fernanda Vitor,Design de Embalagens,Carla Souza,2023,8.45,APROVADO POR MÉDIA,1
Fernanda Vitor,Design de Intervencao,Joao Silva,2023,8.6,APROVADO POR MÉDIA,1
Fernanda Vitor,Design de Mobiliario Urbano,Marcos Ferreira,2023,,REPROVADO POR FALTA,1
Fernanda Vitor,Fabricacao Digital,Pedro Oliveira,2023,9.15,APROVADO POR MÉDIA,1
Fernanda Vitor,Principios de Design,Patricia Nunes,2023,,REPROVADO POR FALTA,1
Hugo Camila,Branding,Rafaela Gomes,2020,9.0,APROVADO POR MÉDIA,1
Hugo Camila,Computacao Grafica,Marcos Ferreira,2019,8.3,APROVADO POR MÉDIA,1
Hugo Camila,Comunicacao Visual,Luiz Pereira,2022,10.0,APROVADO POR MÉDIA,1
Hugo Camila,Cultura Visual,Patricia Nunes,2021,8.0,APROVADO POR MÉDIA,2
Hugo Camila,DISCIPLINA,,ANO,NOTA FINAL,SITUAÇÃO CONCEITO,"SE
MES
TRE"
Hugo Camila,Design Biomimetico,Carla Souza,2021,,RENOVAÇÃO DE ESTÁGIO,2
Hugo Camila,"Design Biomimetico

(DOUTORADO).",Carla Souza,2022,9.0,APROVADO POR MÉDIA,1
Hugo Camila,Design Cenico,Ana Costa,2021,9.5,APROVADO POR MÉDIA,2
Hugo Camila,Design Cibernetico,Joao Silva,2020,8.75,APROVADO POR MÉDIA,2
Hugo Camila,Design Colaborativo,Fernanda Lima,2019,8.1,APROVADO POR MÉDIA,1
Hugo Camila,Design Computacional,Maria Santos,2021,10.0,APROVADO POR MÉDIA,1
Hugo Camila,Design Digital,Patricia Nunes,2021,8.25,APROVADO POR MÉDIA,1
Hugo Camila,Design Experimental,,2021,9.0,APROVADO POR MÉDIA,1
Hugo Camila,Design Parametrico,Juliana Rodrigues,2021,7.0,APROVADO POR MÉDIA,1
Hugo Camila,Design Thinking,Joao Silva,2020,8.0,APROVADO POR MÉDIA,1
Hugo Camila,Design de Aprendizado,Ana Costa,2019,5.95,APROVADO,2
Hugo Camila,Design de Apresentacoes,Diego Cardoso,2022,8.5,APROVADO POR MÉDIA,1
Hugo Camila,Design de Espacos Virtuais,Pedro Oliveira,2021,8.0,APROVADO POR MÉDIA,1
Hugo Camila,Design de Experiencia em Museus,Pedro Oliveira,2019,8.77,APROVADO POR MÉDIA,2
Hugo Camila,Design de Interacao Corporal,Fernanda Lima,2021,9.0,APROVADO POR MÉDIA,1
Hugo Camila,Design de Interacao Cultural,Gustavo Martins,2021,7.5,APROVADO POR MÉDIA,2
Hugo Camila,Design de Interacao Social,Ana Costa,2022,10.0,APROVADO POR MÉDIA,2
Hugo Camila,Design de Interacao Tangivel,Rafaela Gomes,2022,7.25,APROVADO POR MÉDIA,2
Hugo Camila,Design de Interacao em Tempo Real,Pedro Oliveira,2020,8.75,APROVADO POR MÉDIA,2
Hugo Camila,Design de Interfaces Neuromorficas,Marcos Ferreira,2019,9.0,APROVADO POR MÉDIA,2
Hugo Camila,Design de Joias,Gustavo Martins,2020,8.19,APROVADO POR MÉDIA,1
Hugo Camila,Design de Mobiliario,Fernanda Lima,2019,8.1,APROVADO POR MÉDIA,1
Hugo Camila,Design de Moda,Fernanda Lima,2022,8.0,APROVADO POR MÉDIA,1
Hugo Camila,Design de Narrativa Espacial,Ana Costa,2021,7.5,APROVADO POR MÉDIA,1
Hugo Camila,Design de Produto,Carla Souza,2020,7.0,APROVADO POR MÉDIA,2
Hugo Camila,Design de Realidade Aumentada (AR) e Virtual (VR),Juliana Rodrigues,2020,8.0,APROVADO POR MÉDIA,2
Hugo Camila,Design de Realidade Hibrida,Pedro Oliveira,2022,9.63,APROVADO POR MÉDIA,2
Hugo Camila,Design de Redes Sociais,Larissa Vieira,2022,7.31,APROVADO POR MÉDIA,1
Hugo Camila,Design de Tecnologia Vestivel (Wearable),Andre Almeida,2019,7.75,APROVADO POR MÉDIA,2
Hugo Camila,Design de Visualizacao de Informacoes,Andre Almeida,2019,6.54,APROVADO,1
Hugo Camila,Design para Longevidade,Marcos Ferreira,2019,,REPROVADO POR FALTA,1
Hugo Camila,Design para Longevidade,Marcos Ferreira,2020,9.98,APROVADO POR MÉDIA,1
Hugo Camila,Ecodesign,Diego Cardoso,2020,9.35,APROVADO POR MÉDIA,2
Hugo Camila,Ergonomia,Pedro Oliveira,2019,5.11,APROVADO,2
Hugo Camila,Etica em Design,Juliana Rodrigues,2021,8.5,APROVADO POR MÉDIA,2
Hugo Camila,Gamificacao,Luiz Pereira,2020,9.5,APROVADO POR MÉDIA,1
Hugo Camila,Gestao de Marcas,Maria Santos,2021,9.5,APROVADO POR MÉDIA,2
Hugo Camila,INTEGRALIZADO,,2023,,,1
Hugo Camila,Identidade Visual,Joao Silva,2019,8.25,APROVADO POR MÉDIA,1
Hugo Camila,Impressao 3D,Marcos Ferreira,2020,8.5,APROVADO POR MÉDIA,1
Hugo Camila,Interacao Tangivel,Gustavo Martins,2021,9.5,APROVADO POR MÉDIA,2
Hugo Camila,Manipulacao de Imagem,Diego Cardoso,2020,7.75,APROVADO POR MÉDIA,3
Hugo Camila,Marketing de Produto,Carla Souza,2020,8.9,APROVADO POR MÉDIA,3
Hugo Camila,Materiais e Processos,Juliana Rodrigues,2022,10.0,APROVADO POR MÉDIA,1
Hugo Camila,Projeto Integrado,Fernanda Lima,2019,5.07,APROVADO,2
Hugo Camila,Prototipagem em Papel,Juliana Rodrigues,2020,7.5,APROVADO POR MÉDIA,2
Hugo Camila,SemiÃ³tica,Luiz Pereira,2022,10.0,APROVADO POR MÉDIA,2
Hugo Camila,Storytelling Visual,Maria Santos,2019,7.5,APROVADO POR MÉDIA,1
Hugo Camila,Tecnicas de Iluminacao,Gustavo Martins,2023,8.5,APROVADO POR MÉDIA,1
Hugo Camila,Teoria da Cor,Ana Costa,2022,6.38,APROVADO,1
Hugo Camila,Teoria do Design,Marcos Ferreira,2022,10.0,APROVADO POR MÉDIA,1
Hugo Camila,Tipografia,Joao Silva,2020,7.1,APROVADO POR MÉDIA,3
Hugo Camila,,-----------,,,,
Julia Daniel,Branding,Rafaela Gomes,2020,,REPROVADO POR FALTA,1
Julia Daniel,Computacao Grafica,Marcos Ferreira,2020,,REPROVADO POR FALTA,1
Julia Daniel,DESLIGAMENTO,,2020,,,2
Julia Daniel,Design Colaborativo,Fernanda Lima,2020,5.6,APROVADO,3
Julia Daniel,Design Thinking,Joao Silva,2020,,REPROVADO POR FALTA,1
Julia Daniel,Design de Mobiliario,Fernanda Lima,2020,,REPROVADO POR FALTA,1
Julia Daniel,Design de Visualizacao de Informacoes,Andre Almeida,2020,,REPROVADO POR FALTA,1
Julia Daniel,Design para Longevidade,Marcos Ferreira,2020,,REPROVADO POR FALTA,1
Julia Daniel,Gamificacao,Luiz Pereira,2020,,REPROVADO POR FALTA,1
Julia Daniel,Identidade Visual,Joao Silva,2020,9.0,APROVADO POR MÉDIA,3
Julia Daniel,Storytelling Visual,Maria Santos,2020,8.5,APROVADO POR MÉDIA,3
Laura Yuri,Computacao Grafica,,2009,,REPROVADO POR FALTA,1
Laura Yuri,DESLIGAMENTO,,2009,,,2
Laura Yuri,DESVINCULADO,,2010,,,1
Laura Yuri,Design Colaborativo,,2009,,REPROVADO POR FALTA,1
Laura Yuri,Design de Mobiliario,,2009,,APROVADO POR FREQÜÊNCIA,1
Laura Yuri,Design de Visualizacao de Informacoes,,2009,,REPROVADO POR FALTA,1
Laura Yuri,Design para Longevidade,,2009,,REPROVADO POR FALTA,1
Laura Yuri,Identidade Visual,,2009,,REPROVADO POR FALTA,1
Laura Yuri,Storytelling Visual,,2009,,REPROVADO POR FALTA,1
Leandro Lorena,Computacao Grafica,,2013,,REPROVADO POR FALTA,2
Leandro Lorena,DESLIGAMENTO,,2014,,,1
Leandro Lorena,Design Colaborativo,,2013,,REPROVADO POR FALTA,2
Leandro Lorena,Design de Mobiliario,,2013,,APROVADO POR FREQÜÊNCIA,2
Leandro Lorena,Design de Visualizacao de Informacoes,,2013,,REPROVADO POR FALTA,2
Leandro Lorena,Design para Longevidade,,2013,,REPROVADO POR FALTA,2
Leandro Lorena,Identidade Visual,,2013,,REPROVADO POR FALTA,2
Leandro Lorena,Storytelling Visual,,2013,,REPROVADO POR FALTA,2
Lorena Nicolas,Computacao Grafica,Marcos Ferreira,2019,,REPROVADO POR FALTA,1
Lorena Nicolas,Cultura Visual,Patricia Nunes,2019,,REPROVADO POR FALTA,2
Lorena Nicolas,Design Colaborativo,Fernanda Lima,2019,,REPROVADO POR FALTA,1
Lorena Nicolas,Design de Mobiliario,Fernanda Lima,2019,7.38,APROVADO,1
Lorena Nicolas,Design de Visualizacao de Informacoes,Andre Almeida,2019,,REPROVADO POR FALTA,1
Lorena Nicolas,Design de Visualizacao de Informacoes,Andre Almeida,2019,,REPROVADO POR FALTA,2
Lorena Nicolas,Design para Longevidade,Marcos Ferreira,2019,,REPROVADO POR FALTA,1
Lorena Nicolas,Ergonomia,Pedro Oliveira,2019,,REPROVADO POR FALTA,2
Lorena Nicolas,Identidade Visual,Joao Silva,2019,8.5,APROVADO POR MÉDIA,1
Lorena Nicolas,Interacao Tangivel,Gustavo Martins,2019,,REPROVADO POR FALTA,2
Lorena Nicolas,Storytelling Visual,Maria Santos,2019,8.5,APROVADO POR MÉDIA,1
Lorena Nicolas,Teoria do Design,Marcos Ferreira,2019,,REPROVADO POR FALTA,2
Mateus Beatriz,Branding,,2009,6.68,APROVADO,2
Mateus Beatriz,Computacao Grafica,,2008,7.75,APROVADO POR MÉDIA,1
Mateus Beatriz,Comunicacao Visual,,2011,8.5,APROVADO POR MÉDIA,1
Mateus Beatriz,Cultura Visual,,2010,8.0,APROVADO POR MÉDIA,1
Mateus Beatriz,DISCIPLINA,,ANO,NOTA FINAL,SITUAÇÃO CONCEITO,"SE
MES
TRE"
Mateus Beatriz,Design Biomimetico,,2010,,REPROVADO POR FALTA,2
Mateus Beatriz,Design Biomimetico,,2011,,REPROVADO POR FALTA,2
Mateus Beatriz,Design Biomimetico,,2012,7.0,APROVADO POR MÉDIA,1
Mateus Beatriz,Design Cenico,,2011,,REPROVADO POR FALTA,1
Mateus Beatriz,Design Cenico,,2011,,REPROVADO POR FALTA,2
Mateus Beatriz,Design Cenico,,2012,5.7,APROVADO,2
Mateus Beatriz,Design Cenico,,2012,,CANCELADO COM ONUS,1
Mateus Beatriz,Design Cibernetico,,2010,9.55,APROVADO POR MÉDIA,2
Mateus Beatriz,Design Colaborativo,,2008,6.0,APROVADO,1
Mateus Beatriz,Design Computacional,,2011,8.35,APROVADO POR MÉDIA,1
Mateus Beatriz,Design Digital,,2011,7.7,APROVADO POR MÉDIA,1
Mateus Beatriz,Design Experimental,,2010,7.4,APROVADO POR MÉDIA,1
Mateus Beatriz,Design Parametrico,,2011,7.15,APROVADO POR MÉDIA,1
Mateus Beatriz,Design Thinking,,2010,5.88,APROVADO,1
Mateus Beatriz,Design de Aprendizado,,2008,7.0,APROVADO POR MÉDIA,2
Mateus Beatriz,Design de Apresentacoes,,2010,8.5,APROVADO POR MÉDIA,2
Mateus Beatriz,Design de Espacos Virtuais,,2010,7.59,APROVADO POR MÉDIA,1
Mateus Beatriz,Design de Experiencia em Museus,,2009,7.15,APROVADO POR MÉDIA,1
Mateus Beatriz,Design de Impressao e Publicacao,,2011,7.75,APROVADO POR MÉDIA,2
Mateus Beatriz,Design de Interacao Corporal,,2011,8.0,APROVADO POR MÉDIA,1
Mateus Beatriz,Design de Interacao Cultural,,2010,5.5,APROVADO,2
Mateus Beatriz,Design de Interacao Tangivel,,2012,7.25,APROVADO POR MÉDIA,2
Mateus Beatriz,Design de Interacao Tangivel,,2012,,REPROVADO POR FALTA,1
Mateus Beatriz,Design de Interacao em Tempo Real,,2010,8.0,APROVADO POR MÉDIA,1
Mateus Beatriz,Design de Interfaces Neuromorficas,,2009,5.8,APROVADO,1
Mateus Beatriz,Design de Joias,,2009,6.25,APROVADO,2
Mateus Beatriz,Design de Mobiliario,,2008,8.0,APROVADO POR MÉDIA,1
Mateus Beatriz,Design de Moda,,2012,7.0,APROVADO POR MÉDIA,1
Mateus Beatriz,Design de Narrativa Espacial,,2011,7.2,APROVADO POR MÉDIA,1
Mateus Beatriz,Design de Produto,,2010,8.5,APROVADO POR MÉDIA,2
Mateus Beatriz,Design de Realidade Aumentada (AR) e Virtual (VR),,2010,7.0,APROVADO POR MÉDIA,1
Mateus Beatriz,Design de Redes Sociais,,2011,9.4,APROVADO POR MÉDIA,2
Mateus Beatriz,Design de Tecnologia Vestivel (Wearable),,2008,9.0,APROVADO POR MÉDIA,2
Mateus Beatriz,Design de Visualizacao de Informacoes,,2008,3.5,REPROVADO,1
Mateus Beatriz,Design de Visualizacao de Informacoes,,2008,5.0,APROVADO,2
Mateus Beatriz,Design para Longevidade,,2008,5.13,APROVADO,1
Mateus Beatriz,Ecodesign,,2010,7.5,APROVADO POR MÉDIA,1
Mateus Beatriz,Ergonomia,,2009,8.73,APROVADO POR MÉDIA,1
Mateus Beatriz,Etica em Design,,2011,8.75,APROVADO POR MÉDIA,1
Mateus Beatriz,FORMADO,,2019,,,2
Mateus Beatriz,Fotografia,,2012,8.38,APROVADO POR MÉDIA,1
Mateus Beatriz,Gamificacao,,2009,8.5,APROVADO POR MÉDIA,2
Mateus Beatriz,Gestao de Marcas,,2010,8.0,APROVADO POR MÉDIA,2
Mateus Beatriz,INTEGRALIZADO,,2015,,,1
Mateus Beatriz,Identidade Visual,,2008,8.0,APROVADO POR MÉDIA,1
Mateus Beatriz,Impressao 3D,,2009,,REPROVADO POR FALTA,2
Mateus Beatriz,Impressao 3D,,2010,7.0,APROVADO POR MÉDIA,1
Mateus Beatriz,Interacao Tangivel,,2012,7.0,APROVADO POR MÉDIA,1
Mateus Beatriz,Manipulacao de Imagem,,2009,7.75,APROVADO POR MÉDIA,2
Mateus Beatriz,Marketing de Produto,,2009,8.6,APROVADO POR MÉDIA,2
Mateus Beatriz,Materiais e Processos,,2011,8.3,APROVADO POR MÉDIA,1
Mateus Beatriz,Projeto Integrado,,2008,1.9,REPROVADO,2
Mateus Beatriz,Projeto Integrado,,2009,5.25,APROVADO,1
Mateus Beatriz,Prototipagem em Papel,,2010,7.0,APROVADO POR MÉDIA,2
Mateus Beatriz,SemiÃ³tica,,2011,10.0,APROVADO POR MÉDIA,2
Mateus Beatriz,Storytelling Visual,,2008,7.0,APROVADO POR MÉDIA,1
Mateus Beatriz,Tecnicas de Iluminacao,,2012,,REPROVADO POR FALTA,1
Mateus Beatriz,Tecnicas de Iluminacao,,2012,,REPROVADO POR FALTA,2
Mateus Beatriz,Tecnicas de Iluminacao,,2013,,REPROVADO POR FALTA,1
Mateus Beatriz,Tecnicas de Iluminacao,,2013,,REPROVADO POR FALTA,2
Mateus Beatriz,Tecnicas de Iluminacao,,2014,,REPROVADO POR FALTA,1
Mateus Beatriz,Tecnicas de Iluminacao,,2014,,REPROVADO POR FALTA,2
Mateus Beatriz,Tecnicas de Iluminacao,,2015,9.0,APROVADO POR MÉDIA,1
Mateus Beatriz,Teoria da Cor,,2011,7.75,APROVADO POR MÉDIA,2
Mateus Beatriz,Teoria do Design,,2012,,REPROVADO POR FALTA,2
Mateus Beatriz,Teoria do Design,,2013,,REPROVADO POR FALTA,1
Mateus Beatriz,Teoria do Design,,2013,,REPROVADO POR FALTA,2
Mateus Beatriz,Teoria do Design,,2014,9.35,APROVADO POR MÉDIA,2
Mateus Beatriz,Teoria do Design,,2014,,REPROVADO POR FALTA,1
Mateus Beatriz,Tipografia,,2009,7.0,APROVADO POR MÉDIA,2
Otavio Clara,Branding,,2008,8.5,APROVADO POR MÉDIA,2
Otavio Clara,Computacao Grafica,,2006,8.0,APROVADO POR MÉDIA,2
Otavio Clara,Cultura Visual,,2011,7.25,APROVADO POR MÉDIA,2
Otavio Clara,DESVINCULADO,,2008,,,1
Otavio Clara,DESVINCULADO,,2012,,,2
Otavio Clara,DISCIPLINA,,ANO,NOTA FINAL,SITUAÇÃO CONCEITO,"SE
MES
TRE"
Otavio Clara,Design Biomimetico,,2010,,REPROVADO POR FALTA,2
Otavio Clara,Design Biomimetico,,2011,,REPROVADO POR FALTA,2
Otavio Clara,Design Colaborativo,,2006,7.0,APROVADO POR MÉDIA,2
Otavio Clara,Design Thinking,,2011,,REPROVADO POR FALTA,2
Otavio Clara,Design Thinking,,2012,,REPROVADO POR FALTA,1
Otavio Clara,Design de Aprendizado,,2007,8.0,APROVADO POR MÉDIA,1
Otavio Clara,Design de Experiencia em Museus,,2007,7.25,APROVADO POR MÉDIA,2
Otavio Clara,Design de Interfaces Neuromorficas,,2007,,REPROVADO POR FALTA,2
Otavio Clara,Design de Interfaces Neuromorficas,,2008,,REPROVADO POR FALTA,2
Otavio Clara,Design de Interfaces Neuromorficas,,2010,,REPROVADO POR FALTA,1
Otavio Clara,Design de Interfaces Neuromorficas,,2011,,REPROVADO POR FALTA,1
Otavio Clara,Design de Joias,,2007,,REPROVADO POR FALTA,2
Otavio Clara,Design de Joias,,2008,4.0,REPROVADO,2
Otavio Clara,Design de Joias,,2010,,REPROVADO POR FALTA,2
Otavio Clara,Design de Joias,,2011,,REPROVADO POR FALTA,1
Otavio Clara,Design de Joias,,2011,,REPROVADO POR FALTA,2
Otavio Clara,Design de Mobiliario,,2006,9.0,APROVADO POR MÉDIA,2
Otavio Clara,Design de Produto,,2011,,REPROVADO POR FALTA,1
Otavio Clara,Design de Tecnologia Vestivel (Wearable),,2007,7.15,APROVADO POR MÉDIA,1
Otavio Clara,Design de Visualizacao de Informacoes,,2006,,REPROVADO POR FALTA,2
Otavio Clara,Design de Visualizacao de Informacoes,,2007,8.25,APROVADO POR MÉDIA,1
Otavio Clara,Design para Longevidade,,2006,6.0,APROVADO,2
Otavio Clara,Ergonomia,,2007,6.35,APROVADO,1
Otavio Clara,Gamificacao,,2007,7.9,APROVADO POR MÉDIA,1
Otavio Clara,Identidade Visual,,2006,7.0,APROVADO POR MÉDIA,2
Otavio Clara,Interacao Tangivel,,2007,,APROVADO POR FREQÜÊNCIA,2
Otavio Clara,Projeto Integrado,,2007,2.78,REPROVADO,2
Otavio Clara,Projeto Integrado,,2007,,REPROVADO POR FALTA,1
Otavio Clara,Projeto Integrado,,2008,1.5,REPROVADO,2
Otavio Clara,Projeto Integrado,,2010,,REPROVADO POR FALTA,1
Otavio Clara,Projeto Integrado,,2010,,REPROVADO POR FALTA,2
Otavio Clara,Projeto Integrado,,2011,,REPROVADO POR FALTA,1
Otavio Clara,Projeto Integrado,,2011,,REPROVADO POR FALTA,2
Otavio Clara,REINTEGRAÇÃO,,2008,,,2
Otavio Clara,SemiÃ³tica,,2010,,REPROVADO POR FALTA,2
Otavio Clara,Storytelling Visual,,2006,9.0,APROVADO POR MÉDIA,2
Otavio Clara,Tipografia,,2011,,REPROVADO POR FALTA,2
Ricardo Lais,Computacao Grafica,,2016,,REPROVADO POR FALTA,1
Ricardo Lais,DESVINCULADO,,2016,,,2
Ricardo Lais,Design Colaborativo,,2016,,REPROVADO POR FALTA,1
Ricardo Lais,Design de Mobiliario,,2016,,REPROVADO POR FALTA,1
Ricardo Lais,Design de Visualizacao de Informacoes,,2016,,REPROVADO POR FALTA,1
Ricardo Lais,Design para Longevidade,,2016,,REPROVADO POR FALTA,1
Ricardo Lais,Identidade Visual,,2016,,REPROVADO POR FALTA,1
Ricardo Lais,Storytelling Visual,,2016,,REPROVADO POR FALTA,1
Rodrigo Diego,Branding,,2015,,REPROVADO POR FALTA,1
Rodrigo Diego,Computacao Grafica,,2014,9.25,APROVADO POR MÉDIA,1
Rodrigo Diego,DESLIGAMENTO,,2015,,,1
Rodrigo Diego,Design Colaborativo,,2014,8.08,APROVADO POR MÉDIA,1
Rodrigo Diego,Design de Aprendizado,,2014,8.45,APROVADO POR MÉDIA,2
Rodrigo Diego,Design de Experiencia em Museus,,2014,9.13,APROVADO POR MÉDIA,2
Rodrigo Diego,Design de Interfaces Neuromorficas,,2014,7.0,APROVADO POR MÉDIA,2
Rodrigo Diego,Design de Joias,,2015,,REPROVADO POR FALTA,1
Rodrigo Diego,Design de Mobiliario,,2014,,APROVADO POR FREQÜÊNCIA,1
Rodrigo Diego,Design de Tecnologia Vestivel (Wearable),,2014,5.35,APROVADO,2
Rodrigo Diego,Design de Visualizacao de Informacoes,,2014,8.75,APROVADO POR MÉDIA,1
Rodrigo Diego,Design para Longevidade,,2014,6.82,APROVADO,1
Rodrigo Diego,Ergonomia,,2014,,REPROVADO POR FALTA,2
Rodrigo Diego,Gamificacao,,2015,,REPROVADO POR FALTA,1
Rodrigo Diego,Identidade Visual,,2014,9.5,APROVADO POR MÉDIA,1
Rodrigo Diego,Impressao 3D,,2015,,REPROVADO POR FALTA,1
Rodrigo Diego,Manipulacao de Imagem,,2015,,REPROVADO POR FALTA,1
Rodrigo Diego,Marketing de Produto,,2015,,REPROVADO POR FALTA,1
Rodrigo Diego,Projeto Integrado,,2014,8.75,APROVADO POR MÉDIA,2
Rodrigo Diego,Storytelling Visual,,2014,7.25,APROVADO POR MÉDIA,1
Rodrigo Diego,Tipografia,,2015,,REPROVADO POR FALTA,1
Sophia Julia,Branding,,2012,,REPROVADO POR FALTA,2
Sophia Julia,Branding,,2014,,REPROVADO POR FALTA,1
Sophia Julia,Branding,,2014,,REPROVADO POR FALTA,2
Sophia Julia,Branding,,2015,6.68,APROVADO,1
Sophia Julia,Computacao Grafica,,2010,6.43,APROVADO,1
Sophia Julia,Comunicacao Visual,,2015,,REPROVADO POR FALTA,2
Sophia Julia,Comunicacao Visual,,2016,8.0,APROVADO POR MÉDIA,1
Sophia Julia,Cultura Visual,,2010,8.0,APROVADO POR MÉDIA,2
Sophia Julia,DISCIPLINA,,ANO,NOTA FINAL,SITUAÇÃO CONCEITO,"SE
MES
TRE"
Sophia Julia,DISCIPLINA,,ANO,NOTA FINAL,SITUAÇÃO CONCEITO,"SE
MES
TRE"
Sophia Julia,Design Biomimetico,Carla Souza,2018,9.0,APROVADO POR MÉDIA,1
Sophia Julia,Design Biomimetico,,2017,,REPROVADO POR FALTA,2
Sophia Julia,Design Cenico,,2016,6.7,APROVADO,2
Sophia Julia,Design Cibernetico,,2012,5.5,APROVADO,2
Sophia Julia,Design Colaborativo,,2010,1.75,REPROVADO,1
Sophia Julia,Design Colaborativo,,2011,3.65,REPROVADO,1
Sophia Julia,Design Colaborativo,,2011,4.32,REPROVADO,2
Sophia Julia,Design Colaborativo,,2012,6.38,APROVADO,1
Sophia Julia,Design Computacional,,2013,7.35,APROVADO POR MÉDIA,2
Sophia Julia,Design Computacional,,2013,,REPROVADO POR FALTA,1
Sophia Julia,Design Digital,,2013,7.5,APROVADO POR MÉDIA,1
Sophia Julia,Design Experimental,,2014,,REPROVADO POR FALTA,2
Sophia Julia,Design Experimental,,2016,7.4,APROVADO POR MÉDIA,1
Sophia Julia,Design Parametrico,,2012,,REPROVADO POR FALTA,2
Sophia Julia,Design Parametrico,,2013,5.69,APROVADO,2
Sophia Julia,Design Sonoro,,2013,,REPROVADO POR FALTA,2
Sophia Julia,Design Sonoro,,2014,,REPROVADO POR FALTA,1
Sophia Julia,Design Sonoro,,2015,7.0,APROVADO POR MÉDIA,2
Sophia Julia,Design Thinking,,2010,5.0,APROVADO,2
Sophia Julia,Design de Aprendizado,Ana Costa,2018,,REPROVADO POR FALTA,2
Sophia Julia,Design de Aprendizado,Ana Costa,2019,7.39,APROVADO POR MÉDIA,2
Sophia Julia,Design de Aprendizado,,2013,,REPROVADO POR FALTA,1
Sophia Julia,Design de Aprendizado,,2013,,REPROVADO POR FALTA,2
Sophia Julia,Design de Aprendizado,,2014,,REPROVADO POR FALTA,2
Sophia Julia,Design de Aprendizado,,2016,,REPROVADO POR FALTA,2
Sophia Julia,Design de Aprendizado,,2017,,REPROVADO POR FALTA,2
Sophia Julia,Design de Apresentacoes,,2013,,REPROVADO POR FALTA,1
Sophia Julia,Design de Apresentacoes,,2014,7.5,APROVADO POR MÉDIA,1
Sophia Julia,Design de Espacos Virtuais,,2013,,REPROVADO POR FALTA,1
Sophia Julia,Design de Espacos Virtuais,,2013,,REPROVADO POR FALTA,2
Sophia Julia,Design de Espacos Virtuais,,2014,4.15,REPROVADO,1
Sophia Julia,Design de Espacos Virtuais,,2015,7.5,APROVADO POR MÉDIA,2
Sophia Julia,Design de Experiencia em Museus,,2010,7.0,APROVADO POR MÉDIA,2
Sophia Julia,Design de Interacao Corporal,,2013,,REPROVADO POR FALTA,1
Sophia Julia,Design de Interacao Corporal,,2013,,REPROVADO POR FALTA,2
Sophia Julia,Design de Interacao Corporal,,2014,,REPROVADO POR FALTA,1
Sophia Julia,Design de Interacao Corporal,,2015,,REPROVADO POR FALTA,2
Sophia Julia,Design de Interacao Corporal,,2016,7.0,APROVADO POR MÉDIA,1
Sophia Julia,Design de Interacao Cultural,Gustavo Martins,2018,,REPROVADO POR FALTA,2
Sophia Julia,Design de Interacao Cultural,Gustavo Martins,2019,7.0,APROVADO POR MÉDIA,2
Sophia Julia,Design de Interacao Cultural,,2012,3.5,REPROVADO,2
Sophia Julia,Design de Interacao Cultural,,2014,2.25,REPROVADO,2
Sophia Julia,Design de Interacao Cultural,,2015,,REPROVADO POR FALTA,1
Sophia Julia,Design de Interacao Cultural,,2016,4.13,REPROVADO,2
Sophia Julia,Design de Interacao Cultural,,2017,,REPROVADO POR FALTA,2
Sophia Julia,Design de Interacao Social,,2015,7.5,APROVADO POR MÉDIA,1
Sophia Julia,Design de Interacao Tangivel,,2015,6.25,APROVADO,2
Sophia Julia,Design de Interacao Tangivel,,2015,,REPROVADO POR FALTA,1
Sophia Julia,Design de Interacao em Tempo Real,,2011,5.88,APROVADO,2
Sophia Julia,Design de Interfaces Neuromorficas,,2010,4.03,REPROVADO,2
Sophia Julia,Design de Interfaces Neuromorficas,,2011,4.53,REPROVADO,1
Sophia Julia,Design de Interfaces Neuromorficas,,2011,8.0,APROVADO POR MÉDIA,2
Sophia Julia,Design de Joias,,2011,7.85,APROVADO POR MÉDIA,1
Sophia Julia,Design de Mobiliario,,2010,,APROVADO POR FREQÜÊNCIA,1
Sophia Julia,Design de Moda,,2015,8.5,APROVADO POR MÉDIA,1
Sophia Julia,Design de Narrativa Espacial,,2013,8.1,APROVADO POR MÉDIA,1
Sophia Julia,Design de Produto,,2015,7.0,APROVADO POR MÉDIA,2
Sophia Julia,Design de Realidade Aumentada (AR) e Virtual (VR),,2011,5.88,APROVADO,2
Sophia Julia,Design de Redes Sociais,,2015,,REPROVADO POR FALTA,2
Sophia Julia,Design de Redes Sociais,,2016,6.16,APROVADO,1
Sophia Julia,Design de Tecnologia Vestivel (Wearable),,2013,8.75,APROVADO POR MÉDIA,1
Sophia Julia,Design de Visualizacao de Informacoes,,2010,6.25,APROVADO,1
Sophia Julia,Design para Longevidade,,2010,5.0,APROVADO,1
Sophia Julia,Ecodesign,,2013,,REPROVADO POR FALTA,2
Sophia Julia,Ecodesign,,2014,5.0,APROVADO,1
Sophia Julia,Ergonomia,,2010,8.5,APROVADO POR MÉDIA,2
Sophia Julia,Etica em Design,,2016,8.75,APROVADO POR MÉDIA,1
Sophia Julia,FORMADO,,2020,,,1
Sophia Julia,Gamificacao,,2010,8.25,APROVADO POR MÉDIA,2
Sophia Julia,Gestao de Marcas,,2014,2.6,REPROVADO,2
Sophia Julia,Gestao de Marcas,,2015,6.14,APROVADO,1
Sophia Julia,INTEGRALIZADO,,2019,,,2
Sophia Julia,Identidade Visual,,2010,8.75,APROVADO POR MÉDIA,1
Sophia Julia,Impressao 3D,,2012,5.15,APROVADO,1
Sophia Julia,Interacao Tangivel,,2014,8.0,APROVADO POR MÉDIA,2
Sophia Julia,Interacao Tangivel,,2014,,REPROVADO POR FALTA,1
Sophia Julia,Manipulacao de Imagem,,2012,3.35,REPROVADO,2
Sophia Julia,Manipulacao de Imagem,,2013,,REPROVADO POR FALTA,1
Sophia Julia,Manipulacao de Imagem,,2016,7.0,APROVADO POR MÉDIA,2
Sophia Julia,Manipulacao de Imagem,,2016,,REPROVADO POR FALTA,1
Sophia Julia,Marketing de Produto,,2014,5.02,APROVADO,1
Sophia Julia,Materiais e Processos,,2016,7.0,APROVADO POR MÉDIA,2
Sophia Julia,Projeto Integrado,,2012,,REPROVADO POR FALTA,2
Sophia Julia,Projeto Integrado,,2013,3.78,REPROVADO,1
Sophia Julia,Projeto Integrado,,2013,5.0,APROVADO,2
Sophia Julia,Prototipagem em Papel,,2012,5.72,APROVADO,2
Sophia Julia,SemiÃ³tica,,2014,3.75,REPROVADO,2
Sophia Julia,SemiÃ³tica,,2015,7.47,APROVADO,1
Sophia Julia,Storytelling Visual,,2010,6.22,APROVADO,1
Sophia Julia,Tecnicas de Iluminacao,Gustavo Martins,2018,,REPROVADO POR FALTA,1
Sophia Julia,Tecnicas de Iluminacao,Gustavo Martins,2018,,REPROVADO POR FALTA,2
Sophia Julia,Tecnicas de Iluminacao,Gustavo Martins,2019,7.0,APROVADO POR MÉDIA,2
Sophia Julia,Tecnicas de Iluminacao,Gustavo Martins,2019,,REPROVADO POR FALTA,1
Sophia Julia,Tecnicas de Iluminacao,,2017,,REPROVADO POR FALTA,1
Sophia Julia,Tecnicas de Iluminacao,,2017,,REPROVADO POR FALTA,2
Sophia Julia,Teoria da Cor,,2014,,REPROVADO POR FALTA,2
Sophia Julia,Teoria da Cor,,2015,9.0,APROVADO POR MÉDIA,2
Sophia Julia,Teoria da Cor,,2015,,REPROVADO POR FALTA,1
Sophia Julia,Teoria do Design,Marcos Ferreira,2019,5.6,APROVADO,2
Sophia Julia,Teoria do Design,Marcos Ferreira,2019,,REPROVADO POR FALTA,1
Sophia Julia,Teoria do Design,,2016,,REPROVADO POR FALTA,1
Sophia Julia,Teoria do Design,,2016,,REPROVADO POR FALTA,2
Sophia Julia,Teoria do Design,,2017,,REPROVADO POR FALTA,1
Sophia Julia,Teoria do Design,,2017,,REPROVADO POR FALTA,2
Sophia Julia,Tipografia,,2011,3.5,REPROVADO,1
Sophia Julia,Tipografia,,2011,,REPROVADO POR FALTA,2
Sophia Julia,Tipografia,,2014,3.55,REPROVADO,2
Sophia Julia,Tipografia,,2015,7.0,APROVADO POR MÉDIA,1
Thales Luca,DESLIGAMENTO,,2013,,,2
Thales Mauricio,Branding,,2007,7.25,APROVADO POR MÉDIA,1
Thales Mauricio,Computacao Grafica,,2006,7.1,APROVADO POR MÉDIA,1
Thales Mauricio,Comunicacao Visual,,2009,9.5,APROVADO POR MÉDIA,1
Thales Mauricio,Cultura Visual,,2008,8.75,APROVADO POR MÉDIA,2
Thales Mauricio,DISCIPLINA,,ANO,NOTA FINAL,SITUAÇÃO CONCEITO,"SE
MES
TRE"
Thales Mauricio,Design Biomimetico,,2009,8.5,APROVADO POR MÉDIA,1
Thales Mauricio,Design Cenico,,2008,8.3,APROVADO POR MÉDIA,2
Thales Mauricio,Design Cibernetico,,2007,7.8,APROVADO POR MÉDIA,2
Thales Mauricio,Design Colaborativo,,2006,5.0,APROVADO,1
Thales Mauricio,Design Computacional,,2008,7.49,APROVADO POR MÉDIA,1
Thales Mauricio,Design Digital,,2008,7.3,APROVADO POR MÉDIA,2
Thales Mauricio,Design Experimental,,2008,8.25,APROVADO POR MÉDIA,1
Thales Mauricio,Design Parametrico,,2008,6.32,APROVADO,1
Thales Mauricio,Design Sonoro,,2009,7.75,APROVADO POR MÉDIA,1
Thales Mauricio,Design Thinking,,2007,7.0,APROVADO POR MÉDIA,2
Thales Mauricio,Design de Aprendizado,,2006,7.0,APROVADO POR MÉDIA,2
Thales Mauricio,Design de Apresentacoes,,2008,8.75,APROVADO POR MÉDIA,2
Thales Mauricio,Design de Espacos Virtuais,,2008,7.01,APROVADO POR MÉDIA,1
Thales Mauricio,Design de Experiencia em Museus,,2006,5.97,APROVADO,2
Thales Mauricio,Design de Impacto Social,,2009,7.0,APROVADO POR MÉDIA,2
Thales Mauricio,Design de Impressao e Publicacao,,2009,9.15,APROVADO POR MÉDIA,1
Thales Mauricio,Design de Interacao Corporal,,2008,4.5,REPROVADO,1
Thales Mauricio,Design de Interacao Corporal,,2008,7.5,APROVADO POR MÉDIA,2
Thales Mauricio,Design de Interacao Cultural,,2007,7.5,APROVADO POR MÉDIA,2
Thales Mauricio,Design de Interacao Tangivel,,2009,8.95,APROVADO POR MÉDIA,2
Thales Mauricio,Design de Interacao em Tempo Real,,2007,5.22,APROVADO,2
Thales Mauricio,Design de Interfaces Neuromorficas,,2006,6.32,APROVADO,2
Thales Mauricio,Design de Joias,,2007,6.6,APROVADO,1
Thales Mauricio,Design de Mobiliario,,2006,9.75,APROVADO POR MÉDIA,1
Thales Mauricio,Design de Narrativa Espacial,,2008,8.4,APROVADO POR MÉDIA,1
Thales Mauricio,Design de Produto,,2007,7.0,APROVADO POR MÉDIA,2
Thales Mauricio,Design de Realidade Aumentada (AR) e Virtual (VR),,2007,4.5,REPROVADO,2
Thales Mauricio,Design de Realidade Aumentada (AR) e Virtual (VR),,2008,6.25,APROVADO,1
Thales Mauricio,Design de Redes Sociais,,2009,9.05,APROVADO POR MÉDIA,1
Thales Mauricio,Design de Tecnologia Vestivel (Wearable),,2006,8.3,APROVADO POR MÉDIA,2
Thales Mauricio,Design de Visualizacao de Informacoes,,2006,6.25,APROVADO,1
Thales Mauricio,Design para Longevidade,,2006,5.0,APROVADO,1
Thales Mauricio,Ecodesign,,2007,7.9,APROVADO POR MÉDIA,2
Thales Mauricio,Ergonomia,,2006,8.0,APROVADO POR MÉDIA,2
Thales Mauricio,Etica em Design,,2008,8.75,APROVADO POR MÉDIA,2
Thales Mauricio,FORMADO,,2009,,,2
Thales Mauricio,Gamificacao,,2007,7.25,APROVADO POR MÉDIA,1
Thales Mauricio,Gestao de Marcas,,2008,9.0,APROVADO POR MÉDIA,2
Thales Mauricio,INTEGRALIZADO,,2009,,,2
Thales Mauricio,Identidade Visual,,2006,,APROVADO POR FREQÜÊNCIA,1
Thales Mauricio,Impressao 3D,,2007,5.0,APROVADO,1
Thales Mauricio,Interacao Tangivel,,2008,,APROVADO POR FREQÜÊNCIA,2
Thales Mauricio,Manipulacao de Imagem,,2007,7.0,APROVADO POR MÉDIA,1
Thales Mauricio,Marketing de Produto,,2007,8.25,APROVADO POR MÉDIA,1
Thales Mauricio,Materiais e Processos,,2009,8.25,APROVADO POR MÉDIA,1
Thales Mauricio,Projeto Integrado,,2006,5.88,APROVADO,2
Thales Mauricio,Prototipagem em Papel,,2007,7.1,APROVADO POR MÉDIA,2
Thales Mauricio,SemiÃ³tica,,2009,8.0,APROVADO POR MÉDIA,2
Thales Mauricio,Storytelling Visual,,2006,5.63,APROVADO,1
Thales Mauricio,Tecnicas de Iluminacao,,2009,8.5,APROVADO POR MÉDIA,2
Thales Mauricio,Teoria da Cor,,2009,7.0,APROVADO POR MÉDIA,1
Thales Mauricio,Teoria do Design,,2008,7.75,APROVADO POR MÉDIA,2
Thales Mauricio,Tipografia,,2007,2.5,REPROVADO,1
Thales Mauricio,Tipografia,,2008,8.0,APROVADO POR MÉDIA,2
Thales Rodrigo,Computacao Grafica,,2013,9.25,APROVADO POR MÉDIA,1
Thales Rodrigo,Cultura Visual,,2013,8.5,APROVADO POR MÉDIA,2
Thales Rodrigo,DESLIGAMENTO,,2014,,,1
Thales Rodrigo,Design Colaborativo,,2013,1.15,REPROVADO,1
Thales Rodrigo,Design Thinking,,2013,5.5,APROVADO,2
Thales Rodrigo,Design de Apresentacoes,,2013,,REPROVADO POR FALTA,2
Thales Rodrigo,Design de Mobiliario,,2013,,APROVADO POR FREQÜÊNCIA,1
Thales Rodrigo,Design de Visualizacao de Informacoes,,2013,2.3,REPROVADO,1
Thales Rodrigo,Design de Visualizacao de Informacoes,,2013,,REPROVADO POR FALTA,2
Thales Rodrigo,Design para Longevidade,,2013,,REPROVADO POR FALTA,1
Thales Rodrigo,Ergonomia,,2013,,REPROVADO POR FALTA,2
Thales Rodrigo,Gamificacao,,2013,7.75,APROVADO POR MÉDIA,2
Thales Rodrigo,Identidade Visual,,2013,7.1,APROVADO POR MÉDIA,1
Thales Rodrigo,Interacao Tangivel,,2013,,REPROVADO POR FALTA,2
Thales Rodrigo,Storytelling Visual,,2013,8.0,APROVADO POR MÉDIA,1
Valentina Paula,Branding,,2010,,DISPENSADO,2
Valentina Paula,Computacao Grafica,,2009,7.0,APROVADO POR MÉDIA,2
Valentina Paula,Comunicacao Visual,,2012,9.75,APROVADO POR MÉDIA,1
Valentina Paula,Cultura Visual,,2010,7.0,APROVADO POR MÉDIA,2
Valentina Paula,DISCIPLINA,,ANO,NOTA FINAL,SITUAÇÃO CONCEITO,"SE
MES
TRE"
Valentina Paula,Design Biomimetico,,2010,8.0,APROVADO POR MÉDIA,2
Valentina Paula,Design Cenico,,2012,8.0,APROVADO POR MÉDIA,1
Valentina Paula,Design Cibernetico,,2011,5.32,APROVADO,1
Valentina Paula,Design Colaborativo,,2009,9.5,APROVADO POR MÉDIA,2
Valentina Paula,Design Computacional,,2011,8.13,APROVADO POR MÉDIA,2
Valentina Paula,Design Digital,,2012,8.4,APROVADO POR MÉDIA,1
Valentina Paula,Design Experimental,,2010,7.5,APROVADO POR MÉDIA,2
Valentina Paula,Design Parametrico,,2012,7.85,APROVADO POR MÉDIA,1
Valentina Paula,Design Sonoro,,2012,7.5,APROVADO POR MÉDIA,2
Valentina Paula,Design Thinking,,2010,8.25,APROVADO POR MÉDIA,2
Valentina Paula,Design de Aprendizado,,2010,5.0,APROVADO,1
Valentina Paula,Design de Apresentacoes,,2011,7.0,APROVADO POR MÉDIA,2
Valentina Paula,Design de Espacos Virtuais,,2011,6.5,APROVADO,2
Valentina Paula,Design de Experiencia em Museus,,2010,3.9,REPROVADO,1
Valentina Paula,Design de Experiencia em Museus,,2010,4.07,REPROVADO,2
Valentina Paula,Design de Experiencia em Museus,,2011,6.0,APROVADO,2
Valentina Paula,Design de Impacto Social,,2012,7.0,APROVADO POR MÉDIA,2
Valentina Paula,Design de Interacao Corporal,,2011,5.15,APROVADO,2
Valentina Paula,Design de Interacao Cultural,,2011,4.13,REPROVADO,2
Valentina Paula,Design de Interacao Cultural,,2011,,REPROVADO POR FALTA,1
Valentina Paula,Design de Interacao Cultural,,2012,7.0,APROVADO POR MÉDIA,1
Valentina Paula,Design de Interacao Tangivel,,2012,7.4,APROVADO POR MÉDIA,2
Valentina Paula,Design de Interacao em Tempo Real,,2011,7.6,APROVADO POR MÉDIA,2
Valentina Paula,Design de Interacao em Tempo Real,,2011,,REPROVADO POR FALTA,1
Valentina Paula,Design de Interfaces Neuromorficas,,2010,5.78,APROVADO,1
Valentina Paula,Design de Jogos,,2013,8.0,APROVADO POR MÉDIA,1
Valentina Paula,Design de Joias,,2010,,DISPENSADO,2
Valentina Paula,Design de Mobiliario,,2009,,APROVADO POR FREQÜÊNCIA,2
Valentina Paula,Design de Narrativa Espacial,,2011,5.0,APROVADO,2
Valentina Paula,Design de Produto,,2011,5.63,APROVADO,1
Valentina Paula,Design de Realidade Aumentada (AR) e Virtual (VR),,2011,8.25,APROVADO POR MÉDIA,2
Valentina Paula,Design de Realidade Aumentada (AR) e Virtual (VR),,2011,,REPROVADO POR FALTA,1
Valentina Paula,Design de Redes Sociais,,2012,7.25,APROVADO POR MÉDIA,1
Valentina Paula,Design de Tecnologia Vestivel (Wearable),,2010,10.0,APROVADO POR MÉDIA,1
Valentina Paula,Design de Visualizacao de Informacoes,,2009,,DISPENSADO,2
Valentina Paula,Design para Longevidade,,2009,5.75,APROVADO,2
Valentina Paula,Ecodesign,,2011,5.95,APROVADO,1
Valentina Paula,Ergonomia,,2010,5.4,APROVADO,1
Valentina Paula,Etica em Design,,2012,9.5,APROVADO POR MÉDIA,1
Valentina Paula,FORMADO,,2013,,,2
Valentina Paula,Fotografia,,2013,10.0,APROVADO POR MÉDIA,1
Valentina Paula,Gamificacao,,2010,9.5,APROVADO POR MÉDIA,2
Valentina Paula,Gestao de Marcas,,2011,5.5,APROVADO,2
Valentina Paula,INTEGRALIZADO,,2013,,,1
Valentina Paula,Identidade Visual,,2009,7.75,APROVADO POR MÉDIA,2
Valentina Paula,Impressao 3D,,2010,5.0,APROVADO,2
Valentina Paula,Interacao Tangivel,,2012,9.0,APROVADO POR MÉDIA,2
Valentina Paula,MATRICULA VINCULO,,2009,,,2
Valentina Paula,Manipulacao de Imagem,,2010,5.0,APROVADO,2
Valentina Paula,Marketing de Produto,,2010,,DISPENSADO,2
Valentina Paula,Materiais e Processos,,2012,,REPROVADO POR FALTA,2
Valentina Paula,Projeto Integrado,,2010,5.0,APROVADO,1
Valentina Paula,Prototipagem em Papel,,2011,7.0,APROVADO POR MÉDIA,1
Valentina Paula,SemiÃ³tica,,2013,8.25,APROVADO POR MÉDIA,1
Valentina Paula,Storytelling Visual,,2009,5.75,APROVADO,2
Valentina Paula,Tecnicas de Iluminacao,,2013,10.0,APROVADO POR MÉDIA,1
Valentina Paula,Teoria da Cor,,2012,9.5,APROVADO POR MÉDIA,2
Valentina Paula,Teoria do Design,,2012,10.0,APROVADO POR MÉDIA,2
Valentina Paula,Tipografia,,2012,7.0,APROVADO POR MÉDIA,1
Vitor Vitor,Branding,,2012,5.13,APROVADO,2
Vitor Vitor,Computacao Grafica,,2011,7.25,APROVADO POR MÉDIA,1
Vitor Vitor,Cultura Visual,,2011,7.5,APROVADO POR MÉDIA,2
Vitor Vitor,DESVINCULADO,,2014,,,2
Vitor Vitor,Design Colaborativo,,2011,1.6,REPROVADO,1
Vitor Vitor,Design Colaborativo,,2011,2.92,REPROVADO,2
Vitor Vitor,Design Colaborativo,,2012,7.0,APROVADO POR MÉDIA,1
Vitor Vitor,Design Parametrico,,2013,8.5,APROVADO POR MÉDIA,1
Vitor Vitor,Design Thinking,,2012,7.75,APROVADO POR MÉDIA,1
Vitor Vitor,Design de Aprendizado,,2012,5.0,APROVADO,2
Vitor Vitor,Design de Apresentacoes,,2012,7.75,APROVADO POR MÉDIA,2
Vitor Vitor,Design de Experiencia em Museus,,2011,6.25,APROVADO,2
Vitor Vitor,Design de Interacao em Tempo Real,,2012,7.0,APROVADO POR MÉDIA,1
Vitor Vitor,Design de Interfaces Neuromorficas,,2012,,REPROVADO POR FALTA,1
Vitor Vitor,Design de Interfaces Neuromorficas,,2012,,REPROVADO POR FALTA,2
Vitor Vitor,Design de Interfaces Neuromorficas,,2013,5.0,APROVADO,1
Vitor Vitor,Design de Joias,,2011,9.5,APROVADO POR MÉDIA,2
Vitor Vitor,Design de Mobiliario,,2011,,APROVADO POR FREQÜÊNCIA,1
Vitor Vitor,Design de Produto,,2013,8.25,APROVADO POR MÉDIA,1
Vitor Vitor,Design de Realidade Aumentada (AR) e Virtual (VR),,2013,,REPROVADO POR FALTA,2
Vitor Vitor,Design de Realidade Aumentada (AR) e Virtual (VR),,2014,,REPROVADO POR FALTA,1
Vitor Vitor,Design de Tecnologia Vestivel (Wearable),,2012,5.03,APROVADO,2
Vitor Vitor,Design de Visualizacao de Informacoes,,2011,5.13,APROVADO,1
Vitor Vitor,Design para Longevidade,,2011,7.0,APROVADO POR MÉDIA,1
Vitor Vitor,Ecodesign,,2013,8.25,APROVADO POR MÉDIA,1
Vitor Vitor,Ergonomia,,2011,7.5,APROVADO POR MÉDIA,2
Vitor Vitor,Gamificacao,,2011,8.75,APROVADO POR MÉDIA,2
Vitor Vitor,Identidade Visual,,2011,8.25,APROVADO POR MÉDIA,1
Vitor Vitor,Impressao 3D,,2013,,REPROVADO POR FALTA,2
Vitor Vitor,Impressao 3D,,2014,,REPROVADO POR FALTA,1
Vitor Vitor,Interacao Tangivel,,2013,,REPROVADO POR FALTA,2
Vitor Vitor,Interacao Tangivel,,2014,,REPROVADO POR FALTA,1
Vitor Vitor,Projeto Integrado,,2012,,REPROVADO POR FALTA,2
Vitor Vitor,Projeto Integrado,,2013,,REPROVADO POR FALTA,1
Vitor Vitor,Storytelling Visual,,2011,5.75,APROVADO,1
Vitor Vitor,Teoria do Design,,2014,,REPROVADO POR FALTA,1
Vitor Vitor,Tipografia,,2012,3.07,REPROVADO,2
Vitor Vitor,Tipografia,,2013,4.85,REPROVADO,1
Vitor Vitor,Tipografia,,2014,,REPROVADO POR FALTA,1
Yuri Michele,Branding,,2015,9.35,APROVADO POR MÉDIA,1
Yuri Michele,Computacao Grafica,,2013,9.25,APROVADO POR MÉDIA,2
Yuri Michele,Comunicacao Visual,Luiz Pereira,2018,8.0,APROVADO POR MÉDIA,1
Yuri Michele,Cultura Visual,,2015,8.0,APROVADO POR MÉDIA,2
Yuri Michele,DISCIPLINA,,ANO,NOTA FINAL,SITUAÇÃO CONCEITO,"SE
MES
TRE"
Yuri Michele,Design Biomimetico,Carla Souza,2018,9.0,APROVADO POR MÉDIA,2
Yuri Michele,Design Biomimetico,Carla Souza,2018,,REPROVADO POR FALTA,1
Yuri Michele,Design Cenico,Ana Costa,2018,5.82,APROVADO,2
Yuri Michele,Design Cenico,,2016,3.38,REPROVADO,1
Yuri Michele,Design Cenico,,2016,4.8,REPROVADO,2
Yuri Michele,Design Cibernetico,,2016,8.0,APROVADO POR MÉDIA,2
Yuri Michele,Design Colaborativo,,2013,7.38,APROVADO POR MÉDIA,2
Yuri Michele,Design Computacional,,2017,5.43,APROVADO,1
Yuri Michele,Design Digital,,2017,7.85,APROVADO POR MÉDIA,2
Yuri Michele,Design Experimental,Rafaela Gomes,2018,9.0,APROVADO POR MÉDIA,1
Yuri Michele,Design Parametrico,Juliana Rodrigues,2018,5.79,APROVADO,1
Yuri Michele,Design Parametrico,,2015,,REPROVADO POR FALTA,2
Yuri Michele,Design Thinking,,2015,7.1,APROVADO POR MÉDIA,1
Yuri Michele,Design de Aprendizado,Ana Costa,2018,5.0,APROVADO,2
Yuri Michele,Design de Aprendizado,,2014,2.4,REPROVADO,1
Yuri Michele,Design de Aprendizado,,2015,3.5,REPROVADO,2
Yuri Michele,Design de Aprendizado,,2016,,REPROVADO POR FALTA,2
Yuri Michele,Design de Apresentacoes,,2015,7.0,APROVADO POR MÉDIA,2
Yuri Michele,Design de Espacos Virtuais,Pedro Oliveira,2018,9.65,APROVADO POR MÉDIA,1
Yuri Michele,Design de Experiencia em Museus,,2014,7.38,APROVADO POR MÉDIA,1
Yuri Michele,Design de Impressao e Publicacao,,2016,8.75,APROVADO POR MÉDIA,2
Yuri Michele,Design de Interacao Corporal,,2017,10.0,APROVADO POR MÉDIA,1
Yuri Michele,Design de Interacao Cultural,,2016,7.0,APROVADO POR MÉDIA,2
Yuri Michele,Design de Interacao Social,Ana Costa,2018,,REPROVADO POR FALTA,1
Yuri Michele,Design de Interacao Tangivel,,2017,7.3,APROVADO POR MÉDIA,2
Yuri Michele,Design de Interacao em Tempo Real,,2015,7.07,APROVADO,1
Yuri Michele,Design de Interfaces Neuromorficas,,2014,7.38,APROVADO POR MÉDIA,2
Yuri Michele,Design de Interfaces Neuromorficas,,2014,,REPROVADO POR FALTA,1
Yuri Michele,Design de Jogos,Joao Silva,2018,7.5,APROVADO POR MÉDIA,2
Yuri Michele,Design de Joias,,2014,5.19,APROVADO,2
Yuri Michele,Design de Mobiliario,,2013,,APROVADO POR FREQÜÊNCIA,2
Yuri Michele,Design de Moda,,2017,9.5,APROVADO POR MÉDIA,2
Yuri Michele,Design de Narrativa Espacial,,2017,9.0,APROVADO POR MÉDIA,1
Yuri Michele,Design de Produto,,2015,7.5,APROVADO POR MÉDIA,2
Yuri Michele,Design de Realidade Aumentada (AR) e Virtual (VR),,2017,8.5,APROVADO POR MÉDIA,2
Yuri Michele,Design de Redes Sociais,Larissa Vieira,2018,5.02,APROVADO,1
Yuri Michele,Design de Tecnologia Vestivel (Wearable),,2014,8.0,APROVADO POR MÉDIA,1
Yuri Michele,Design de Visualizacao de Informacoes,,2013,5.63,APROVADO,2
Yuri Michele,Design para Longevidade,,2013,8.75,APROVADO POR MÉDIA,2
Yuri Michele,Ecodesign,,2015,8.5,APROVADO POR MÉDIA,2
Yuri Michele,Ergonomia,,2014,,REPROVADO POR FALTA,1
Yuri Michele,Ergonomia,,2015,,REPROVADO POR FALTA,2
Yuri Michele,Ergonomia,,2017,9.0,APROVADO POR MÉDIA,2
Yuri Michele,Etica em Design,,2016,8.75,APROVADO POR MÉDIA,1
Yuri Michele,FORMADO,,2019,,,2
Yuri Michele,Gamificacao,,2014,8.25,APROVADO POR MÉDIA,2
Yuri Michele,Gestao de Marcas,,2017,7.25,APROVADO,2
Yuri Michele,INTEGRALIZADO,,2019,,,1
Yuri Michele,Identidade Visual,,2013,8.75,APROVADO POR MÉDIA,2
Yuri Michele,Impressao 3D,,2015,3.65,REPROVADO,1
Yuri Michele,Impressao 3D,,2016,5.0,APROVADO,1
Yuri Michele,Interacao Tangivel,,2015,9.0,APROVADO POR MÉDIA,1
Yuri Michele,Manipulacao de Imagem,,2015,2.25,REPROVADO,1
Yuri Michele,Manipulacao de Imagem,,2016,7.0,APROVADO POR MÉDIA,2
Yuri Michele,Marketing de Produto,,2016,2.62,REPROVADO,1
Yuri Michele,Marketing de Produto,,2017,8.85,APROVADO POR MÉDIA,1
Yuri Michele,Materiais e Processos,Juliana Rodrigues,2018,10.0,APROVADO POR MÉDIA,2
Yuri Michele,Projeto Integrado,,2014,2.0,REPROVADO,2
Yuri Michele,Projeto Integrado,,2014,,REPROVADO POR FALTA,1
Yuri Michele,Projeto Integrado,,2015,5.0,APROVADO,2
Yuri Michele,Prototipagem em Papel,,2016,8.18,APROVADO POR MÉDIA,2
Yuri Michele,SemiÃ³tica,,2017,10.0,APROVADO POR MÉDIA,2
Yuri Michele,Storytelling Visual,,2013,8.1,APROVADO POR MÉDIA,2
Yuri Michele,Tecnicas de Iluminacao,Gustavo Martins,2018,,REPROVADO POR FALTA,2
Yuri Michele,Tecnicas de Iluminacao,Gustavo Martins,2019,9.0,APROVADO POR MÉDIA,1
Yuri Michele,Teoria da Cor,Ana Costa,2018,8.0,APROVADO POR MÉDIA,1
Yuri Michele,Teoria do Design,Marcos Ferreira,2018,8.6,APROVADO POR MÉDIA,2
Yuri Michele,Tipografia,,2014,4.18,REPROVADO,2
Yuri Michele,Tipografia,,2015,4.38,REPROVADO,1
Yuri Michele,Tipografia,,2017,7.3,APROVADO POR MÉDIA,1
